,year,month,day,h1,h2,h3,h4,h5,h6,h7,h8,h9,h10,h11,h12,h13,h14,h15,h16,h17,h18,h19,h20,h21,h22,h23,h24
0,2006,1,1,1508046,1451751,1410760,1396553,1400403,1443244,1505944.0,1616769.0,1731875.0,1758434.0,1720780.0,1650808.0,1605702.0,1543789.0,1477060.0,1456142.0,1529112.0,1748870.0,1857695.0,1874923.0,1881416.0,1827746.0,1742599.0,1656073.0
1,2006,1,2,1602487,1588868,1608248,1614934,1630428,1714555,1841316.0,1930250.0,1991734.0,2045600.0,2042866.0,2026525.0,1971007.0,1940960.0,1915515.0,1922334.0,1989370.0,2114027.0,2117069.0,2077442.0,1992961.0,1859440.0,1688519.0,1543415.0
2,2006,1,3,1445945,1407194,1401326,1407750,1394413,1537032,1781231.0,1856468.0,1799954.0,1789644.0,1852096.0,1846303.0,1833222.0,1826861.0,1825129.0,1860748.0,1879239.0,2042442.0,2100972.0,2079652.0,2009413.0,1884783.0,1696203.0,1624397.0
3,2006,1,4,1538750,1525639,1520941,1539366,1600930,1746306,1916539.0,1986008.0,1889614.0,1846478.0,1879063.0,1841008.0,1791956.0,1772461.0,1762702.0,1774198.0,1805771.0,1985595.0,2043946.0,2034469.0,1979225.0,1877783.0,1734470.0,1659051.0
4,2006,1,5,1569779,1520947,1505975,1515260,1557800,1701899,1862606.0,1937600.0,1830162.0,1759067.0,1759380.0,1695666.0,1628654.0,1606499.0,1588362.0,1619087.0,1647949.0,1859593.0,1948844.0,1955487.0,1915669.0,1809450.0,1671441.0,1605985.0
5,2006,1,6,1520276,1483993,1486414,1505689,1575174,1651336,1905623.0,2002070.0,1928724.0,1885318.0,1854774.0,1786905.0,1826108.0,1795331.0,1779287.0,1820909.0,1854518.0,2045821.0,2108437.0,2099692.0,2086599.0,2081821.0,1992732.0,1893051.0
6,2006,1,7,1900465,1875980,1881906,1910220,1957528,2031774,2132930.0,2299743.0,2255801.0,2176884.0,2087446.0,2019572.0,1934107.0,1848314.0,1805895.0,1808170.0,1898587.0,2065309.0,2136009.0,2115794.0,2104703.0,2041313.0,1939254.0,1831269.0
7,2006,1,8,1748427,1715743,1698381,1698086,1723309,1774878,1867833.0,2001591.0,2094646.0,2040628.0,1931933.0,1822280.0,1733994.0,1673724.0,1609645.0,1580668.0,1661688.0,1860838.0,1944438.0,1947633.0,1907938.0,1795185.0,1656458.0,1524554.0
8,2006,1,9,1453797,1416040,1407483,1423165,1484026,1629096,1801074.0,1860636.0,1824086.0,1667561.0,1598194.0,1605813.0,1537889.0,1487335.0,1454324.0,1437669.0,1489768.0,1607344.0,1729055.0,1723537.0,1675653.0,1662430.0,1522727.0,1397978.0
9,2006,1,10,1327721,1299661,1304311,1336667,1411074,1582375,1871465.0,1895314.0,1783613.0,1687189.0,1672232.0,1602880.0,1538173.0,1497107.0,1484210.0,1494381.0,1600270.0,1759814.0,1868265.0,1877101.0,1835834.0,1742231.0,1673874.0,1542834.0
10,2006,1,11,1462985,1435285,1415458,1424908,1453867,1558297,1797945.0,1801997.0,1706177.0,1655280.0,1618233.0,1652361.0,1623664.0,1600592.0,1580869.0,1581847.0,1635518.0,1717850.0,1793096.0,1772710.0,1723249.0,1632234.0,1560561.0,1422320.0
11,2006,1,12,1345402,1321354,1329317,1369188,1444897,1608525,1873416.0,1897452.0,1788372.0,1670425.0,1579348.0,1544762.0,1475107.0,1434801.0,1408067.0,1393688.0,1446624.0,1569128.0,1707804.0,1738411.0,1718960.0,1650327.0,1596683.0,1479077.0
12,2006,1,13,1415596,1398380,1402062,1436677,1496947,1643580,1807855.0,1893461.0,1811998.0,1805026.0,1697129.0,1611271.0,1528051.0,1476801.0,1432700.0,1420445.0,1485835.0,1561636.0,1618386.0,1578035.0,1527110.0,1448272.0,1417504.0,1295512.0
13,2006,1,14,1187208,1144606,1125176,1131457,1154815,1207715,1309848.0,1431976.0,1573990.0,1675494.0,1707527.0,1708278.0,1708486.0,1735042.0,1760648.0,1811852.0,1904765.0,2003890.0,2056497.0,2026656.0,2022980.0,1981011.0,1932014.0,1848691.0
14,2006,1,15,1779654,1755971,1782419,1829520,1884765,1952812,2045464.0,2198763.0,2287397.0,2252541.0,2145512.0,2038775.0,1969893.0,1880773.0,1805356.0,1780184.0,1838986.0,2012662.0,2064526.0,2073125.0,2113556.0,2031969.0,1922455.0,1823550.0
15,2006,1,16,1747522,1715853,1710464,1713150,1763976,1891201,2037439.0,2148953.0,2159992.0,2156107.0,2092883.0,1996924.0,1873547.0,1805956.0,1761789.0,1768479.0,1843625.0,2047319.0,2150652.0,2152800.0,2090243.0,1985337.0,1858179.0,1749786.0
16,2006,1,17,1681328,1648580,1641013,1651734,1696362,1840830,2072320.0,2070151.0,2044193.0,1995299.0,1922868.0,1873212.0,1832388.0,1802189.0,1789504.0,1822970.0,1894387.0,2048032.0,2059425.0,2029088.0,1994912.0,1860114.0,1704506.0,1530807.0
17,2006,1,18,1403924,1333782,1304289,1288982,1327370,1458939,1615979.0,1706932.0,1656753.0,1719691.0,1719398.0,1724121.0,1699728.0,1696627.0,1695884.0,1727054.0,1828070.0,2065014.0,2180587.0,2189758.0,2139291.0,2052918.0,1932338.0,1808596.0
18,2006,1,19,1734627,1721807,1732677,1763038,1823662,1989928,2141728.0,2171967.0,2065842.0,2031994.0,1946945.0,1865448.0,1777289.0,1706878.0,1610202.0,1581881.0,1626908.0,1758865.0,1915323.0,1948323.0,1987960.0,1901268.0,1769569.0,1632867.0
19,2006,1,20,1549134,1523374,1499385,1514150,1575737,1718730,1893229.0,1927828.0,1796134.0,1682248.0,1579388.0,1565913.0,1484308.0,1446627.0,1417240.0,1392755.0,1432894.0,1522038.0,1601151.0,1578960.0,1550153.0,1520662.0,1500978.0,1412757.0
20,2006,1,21,1360195,1333576,1334672,1345167,1372741,1418533,1444804.0,1541582.0,1635684.0,1653808.0,1604922.0,1546099.0,1558381.0,1511425.0,1475377.0,1463413.0,1489767.0,1536793.0,1624225.0,1603875.0,1577185.0,1529806.0,1548694.0,1486042.0
21,2006,1,22,1433964,1414797,1432108,1465793,1519981,1602369,1659638.0,1819113.0,1940814.0,1915620.0,1830298.0,1742004.0,1762685.0,1707984.0,1696465.0,1730774.0,1794462.0,1817775.0,1883788.0,1871065.0,1851610.0,1774475.0,1730347.0,1615330.0
22,2006,1,23,1548950,1540528,1539334,1552347,1616061,1767082,1937654.0,2020981.0,1954707.0,1927176.0,1981379.0,1948090.0,1894374.0,1841369.0,1812605.0,1806953.0,1867690.0,1998046.0,2005057.0,1981125.0,1917716.0,1882838.0,1739917.0,1604601.0
23,2006,1,24,1520294,1523094,1527519,1562262,1629262,1787647,1987367.0,2075727.0,1961701.0,1921891.0,1821905.0,1737180.0,1637923.0,1579067.0,1536010.0,1526677.0,1606452.0,1739157.0,1914291.0,1934257.0,1881746.0,1868515.0,1743367.0,1590678.0
24,2006,1,25,1499241,1453379,1462021,1508038,1614619,1784296,1991852.0,2059107.0,1934617.0,1927867.0,1886974.0,1869436.0,1847371.0,1848771.0,1830719.0,1861088.0,1958760.0,2066245.0,2178236.0,2182717.0,2136505.0,2153269.0,2033754.0,1901862.0
25,2006,1,26,1833981,1813273,1814710,1846487,1917069,2046664,2192671.0,2232234.0,2143293.0,2158330.0,2064898.0,1983094.0,1918411.0,1866491.0,1813188.0,1816271.0,1901712.0,2023234.0,2167895.0,2203294.0,2245212.0,2242518.0,2109351.0,1993850.0
26,2006,1,27,1942064,1938934,1962010,2001530,2079370,2200973,2372469.0,2418732.0,2282804.0,2108395.0,1949096.0,1826291.0,1712323.0,1624782.0,1573103.0,1600136.0,1655270.0,1859744.0,1954474.0,1980442.0,1967585.0,1932659.0,1842790.0,1798587.0
27,2006,1,28,1726564,1688444,1679134,1681571,1705861,1761571,1843560.0,1956601.0,2014414.0,1945410.0,1820827.0,1683918.0,1547547.0,1459137.0,1389512.0,1367997.0,1395815.0,1533893.0,1665148.0,1669046.0,1661303.0,1627344.0,1569494.0,1485988.0
28,2006,1,29,1421575,1399742,1380326,1354609,1348538,1380189,1481231.0,1612969.0,1760177.0,1818879.0,1787589.0,1744120.0,1697392.0,1630466.0,1550906.0,1502546.0,1502038.0,1597269.0,1718154.0,1717066.0,1657051.0,1557762.0,1421525.0,1311045.0
29,2006,1,30,1232569,1216379,1217705,1266675,1344364,1507281,1696643.0,1799423.0,1698144.0,1595047.0,1502929.0,1430436.0,1374095.0,1342510.0,1379754.0,1383761.0,1442018.0,1537893.0,1685262.0,1697594.0,1648748.0,1548106.0,1403246.0,1350938.0
30,2006,1,31,1272810,1251027,1249453,1269605,1339737,1501037,1698450.0,1809709.0,1752326.0,1722888.0,1696446.0,1666144.0,1631411.0,1602308.0,1645171.0,1667778.0,1675395.0,1867167.0,2009988.0,2038885.0,1979226.0,1894463.0,1827593.0,1698521.0
31,2006,2,1,1634186,1617975,1634052,1677180,1759713,1930129,2089284.0,2112622.0,2001986.0,1876229.0,1753470.0,1650937.0,1567656.0,1509336.0,1539689.0,1550891.0,1578783.0,1762245.0,1917134.0,1937931.0,1907768.0,1851018.0,1794605.0,1670693.0
32,2006,2,2,1615126,1606007,1623408,1660493,1736563,1829951,2095783.0,2103257.0,1972503.0,1805638.0,1679102.0,1573357.0,1474206.0,1496297.0,1458715.0,1476034.0,1569391.0,1671167.0,1805257.0,1808411.0,1750322.0,1660106.0,1519665.0,1441324.0
33,2006,2,3,1359227,1321979,1294979,1286967,1327391,1380087,1620202.0,1684564.0,1594283.0,1516049.0,1456355.0,1411416.0,1352838.0,1386066.0,1351121.0,1334400.0,1277112.0,1377454.0,1527065.0,1512619.0,1481553.0,1446434.0,1411642.0,1371328.0
34,2006,2,4,1309038,1274437,1263760,1279075,1299190,1355027,1440948.0,1565428.0,1687539.0,1753615.0,1773136.0,1746989.0,1693928.0,1639767.0,1602819.0,1596002.0,1621662.0,1677679.0,1731162.0,1690847.0,1632388.0,1580984.0,1516353.0,1430689.0
35,2006,2,5,1362357,1339287,1356354,1370949,1405760,1473502,1578052.0,1724568.0,1862853.0,1868782.0,1805193.0,1748204.0,1735330.0,1711963.0,1721745.0,1745768.0,1800009.0,1929031.0,2018463.0,2009804.0,2019656.0,1964638.0,1893930.0,1773203.0
36,2006,2,6,1680735,1670423,1676348,1706099,1787504,1878626,2149774.0,2212188.0,2133961.0,2023567.0,1937907.0,1851360.0,1774584.0,1723243.0,1661054.0,1652122.0,1716848.0,1916263.0,2061207.0,2101021.0,2078401.0,2055233.0,1909778.0,1788762.0
37,2006,2,7,1727171,1711737,1726990,1747496,1824242,2003772,2216743.0,2272344.0,2081494.0,1998032.0,1886117.0,1796040.0,1719035.0,1664236.0,1624118.0,1617686.0,1695078.0,1826384.0,2072407.0,2127011.0,2178259.0,2111798.0,1988552.0,1867325.0
38,2006,2,8,1814607,1810461,1839652,1890558,1986071,2170131,2354796.0,2381682.0,2200225.0,2153100.0,2054718.0,1942438.0,1859402.0,1795414.0,1757799.0,1768272.0,1893121.0,2002956.0,2153983.0,2154985.0,2184282.0,2116786.0,1972498.0,1842022.0
39,2006,2,9,1796785,1811670,1836076,1874253,1961483,2109862,2290482.0,2323872.0,2179944.0,2171841.0,2062064.0,1978512.0,1905566.0,1829495.0,1783058.0,1772335.0,1852855.0,2044951.0,2208499.0,2277445.0,2271028.0,2265347.0,2140915.0,2016265.0
40,2006,2,10,1961102,1964522,1987180,2022414,2083633,2220193,2398031.0,2399713.0,2282615.0,2177153.0,2078962.0,1979938.0,1904163.0,1826868.0,1765518.0,1731883.0,1779467.0,1913352.0,2061121.0,2072621.0,2054695.0,2007584.0,1929045.0,1816654.0
41,2006,2,11,1720071,1671431,1637799,1632212,1640357,1686339,1777443.0,1896920.0,2012520.0,2071367.0,2077359.0,2060420.0,2041902.0,2034901.0,2019975.0,2023496.0,2080930.0,2156453.0,2214447.0,2185623.0,2126176.0,2030264.0,1928004.0,1830981.0
42,2006,2,12,1746069,1717633,1703508,1706852,1741499,1790172,1864846.0,1937225.0,2078036.0,2116998.0,2076924.0,2012278.0,1959004.0,1921181.0,1883079.0,1897120.0,1951322.0,2074589.0,2238411.0,2259643.0,2221066.0,2135456.0,2021539.0,1930064.0
43,2006,2,13,1910658,1940718,1993023,2056285,2208225,2390104,2591237.0,2633144.0,2491031.0,2323014.0,2186099.0,2113570.0,2035098.0,1996381.0,1944723.0,1939338.0,2004015.0,2149411.0,2263285.0,2306754.0,2285293.0,2189606.0,2033528.0,1878810.0
44,2006,2,14,1797727,1784729,1830933,1897486,1962576,2104037,2320093.0,2417723.0,2267267.0,2113515.0,1973649.0,1887846.0,1817608.0,1760060.0,1703894.0,1679057.0,1714552.0,1833540.0,1957179.0,2011342.0,1988715.0,1943735.0,1830307.0,1688552.0
45,2006,2,15,1622257,1604526,1607989,1645495,1694137,1843731,2098778.0,2157993.0,2014015.0,1864076.0,1728081.0,1609566.0,1510438.0,1471337.0,1443256.0,1443597.0,1502450.0,1604933.0,1721935.0,1796710.0,1832090.0,1759194.0,1679917.0,1566906.0
46,2006,2,16,1521294,1532158,1513373,1543257,1615530,1799312,2000254.0,2071733.0,1945572.0,1763617.0,1627937.0,1518569.0,1458721.0,1429948.0,1410890.0,1423256.0,1474681.0,1554131.0,1635811.0,1692609.0,1716836.0,1661603.0,1540322.0,1380604.0
47,2006,2,17,1280198,1232979,1216877,1205179,1247609,1349065,1539252.0,1621406.0,1601387.0,1581600.0,1544763.0,1489947.0,1474432.0,1469428.0,1494001.0,1518216.0,1573276.0,1705635.0,1791462.0,1811776.0,1803538.0,1768530.0,1727003.0,1636253.0
48,2006,2,18,1570597,1545326,1527584,1560158,1590992,1670571,1781023.0,1892049.0,1988208.0,2022428.0,2036656.0,2052810.0,2025651.0,1961297.0,1932499.0,1944329.0,1963415.0,2094076.0,2181935.0,2192101.0,2224307.0,2245511.0,2264298.0,2230473.0
49,2006,2,19,2210032,2241366,2304511,2339407,2418187,2462062,2545785.0,2619077.0,2581607.0,2584318.0,2456637.0,2345857.0,2265350.0,2177284.0,2117482.0,2080344.0,2128648.0,2290652.0,2374534.0,2396961.0,2411447.0,2321225.0,2233264.0,2030906.0
50,2006,2,20,1878062,1846071,1842086,1869383,1917072,1968982,2150382.0,2245086.0,2221510.0,2138157.0,2127804.0,2020239.0,1904161.0,1806449.0,1730194.0,1705133.0,1741400.0,1801489.0,2036136.0,2098598.0,2087464.0,2007782.0,1936587.0,1817858.0
51,2006,2,21,1745995,1721738,1747567,1781402,1858064,1953814,2231235.0,2283701.0,2091968.0,1926171.0,1861226.0,1760560.0,1679904.0,1611431.0,1560691.0,1537829.0,1573112.0,1640839.0,1889198.0,1978767.0,1963376.0,1921002.0,1896396.0,1787378.0
52,2006,2,22,1740568,1721414,1720219,1727159,1769440,1825953,2077772.0,2130579.0,2056868.0,2020278.0,2059459.0,2016154.0,1972598.0,1926204.0,1886041.0,1872483.0,1938258.0,1971337.0,2092991.0,2087845.0,2014005.0,1891870.0,1820851.0,1672413.0
53,2006,2,23,1589095,1573061,1568538,1577549,1634665,1780353,1957856.0,2010646.0,1918502.0,1818054.0,1795885.0,1727586.0,1660272.0,1616763.0,1573083.0,1554288.0,1588980.0,1685601.0,1867908.0,1950503.0,1926528.0,1949988.0,1835046.0,1701825.0
54,2006,2,24,1631291,1600408,1599499,1635546,1703048,1879829,2153373.0,2191181.0,2038161.0,1923423.0,1849618.0,1770693.0,1710210.0,1658690.0,1612615.0,1580858.0,1615623.0,1735808.0,1944256.0,2013491.0,2032533.0,2018967.0,1956436.0,1882509.0
55,2006,2,25,1827509,1812170,1818562,1836958,1865418,1937969,2025398.0,2130516.0,2152472.0,2080618.0,1970095.0,1821067.0,1687483.0,1584592.0,1510864.0,1485655.0,1487870.0,1574447.0,1715273.0,1734672.0,1720163.0,1691778.0,1653099.0,1606563.0
56,2006,2,26,1572938,1581028,1610297,1640842,1704330,1794993,1911265.0,2059865.0,2152436.0,2160670.0,2085925.0,2011638.0,1952791.0,1902527.0,1860873.0,1844790.0,1894586.0,2029206.0,2247763.0,2312853.0,2322564.0,2241899.0,2110212.0,2025222.0
57,2006,2,27,1982500,1992936,2032085,2092058,2186850,2360675,2511589.0,2452092.0,2291009.0,2169371.0,2100397.0,2098319.0,2020366.0,1963789.0,1927657.0,1916158.0,1985657.0,2042358.0,2198119.0,2211589.0,2158474.0,2042020.0,1950018.0,1815802.0
58,2006,2,28,1732176,1705957,1713328,1723215,1782322,1856063,2110500.0,2161904.0,2063507.0,1982298.0,1875952.0,1842747.0,1748987.0,1682769.0,1613768.0,1584932.0,1640034.0,1754900.0,1906717.0,1989153.0,1967963.0,1902130.0,1844507.0,1728311.0
59,2006,3,1,1668733,1651984,1649638,1661247,1710025,1779897,2011781.0,2046300.0,1954351.0,1845372.0,1829534.0,1754925.0,1669208.0,1610652.0,1550114.0,1516179.0,1549709.0,1666642.0,1822257.0,1896356.0,1875050.0,1799951.0,1747740.0,1606688.0
60,2006,3,2,1544319,1527675,1533539,1559311,1636515,1782272,2015549.0,2053513.0,1925373.0,1836043.0,1744673.0,1666332.0,1593159.0,1563540.0,1528423.0,1492930.0,1526511.0,1613384.0,1805521.0,1871887.0,1833892.0,1773301.0,1647664.0,1528920.0
61,2006,3,3,1474920,1478196,1508787,1550451,1644634,1827402,2109399.0,2115476.0,1994497.0,1904198.0,1831837.0,1750904.0,1698032.0,1654646.0,1616680.0,1601842.0,1663054.0,1798581.0,2026705.0,2095119.0,2099956.0,2058992.0,1978160.0,1873097.0
62,2006,3,4,1808249,1793684,1804470,1836953,1877480,1962370,2040921.0,2102629.0,2094117.0,2047983.0,1994558.0,1879981.0,1769934.0,1674904.0,1610714.0,1573523.0,1590266.0,1674749.0,1863526.0,1928058.0,1917741.0,1875973.0,1803507.0,1711911.0
63,2006,3,5,1656464,1629902,1642309,1674733,1710034,1780986,1865237.0,1962967.0,1982425.0,1919527.0,1804857.0,1688658.0,1618549.0,1548327.0,1477495.0,1442866.0,1463218.0,1563346.0,1771483.0,1868272.0,1864423.0,1785863.0,1668930.0,1555237.0
64,2006,3,6,1485592,1466461,1452362,1482114,1545503,1680458,1866410.0,1931186.0,1865555.0,1883799.0,1849754.0,1827855.0,1792842.0,1769407.0,1752068.0,1759470.0,1824447.0,1933053.0,1979342.0,1972744.0,2023626.0,1956725.0,1798490.0,1681046.0
65,2006,3,7,1626065,1627709,1652890,1687931,1755686,1881683,2023212.0,2035774.0,2006696.0,1915606.0,1800426.0,1704765.0,1669271.0,1609529.0,1568425.0,1547263.0,1578220.0,1692254.0,1840555.0,1961705.0,2026807.0,1972416.0,1865135.0,1761050.0
66,2006,3,8,1731826,1731970,1751998,1796602,1893752,2055384,2198869.0,2207417.0,2112933.0,1979956.0,1830799.0,1719858.0,1638627.0,1598443.0,1552935.0,1555291.0,1610973.0,1721712.0,1902800.0,1875665.0,1893395.0,1796247.0,1632806.0,1486412.0
67,2006,3,9,1417700,1383572,1376185,1387113,1448797,1598682,1842928.0,1884468.0,1755304.0,1675293.0,1603254.0,1525432.0,1451719.0,1425483.0,1402789.0,1393827.0,1424655.0,1491855.0,1665418.0,1740625.0,1681388.0,1588445.0,1429790.0,1282742.0
68,2006,3,10,1195542,1153901,1130987,1122361,1168435,1291785,1522339.0,1565722.0,1492909.0,1457523.0,1441614.0,1405984.0,1372037.0,1355805.0,1339752.0,1328515.0,1350877.0,1376852.0,1482012.0,1542787.0,1481740.0,1409436.0,1306641.0,1177541.0
69,2006,3,11,1085879,1040306,1015628,1033678,1064081,1133416,1243763.0,1385221.0,1448272.0,1453943.0,1410375.0,1361340.0,1320001.0,1287625.0,1258237.0,1252080.0,1271819.0,1317457.0,1421228.0,1461659.0,1401452.0,1323995.0,1220260.0,1107909.0
70,2006,3,12,1026535,976194,945790,946692,963565,996250,1074073.0,1216086.0,1353886.0,1407487.0,1374879.0,1342415.0,1326615.0,1313331.0,1301733.0,1302231.0,1338462.0,1389948.0,1491467.0,1561651.0,1525760.0,1404753.0,1258948.0,1130913.0
71,2006,3,13,1045307,1012704,998377,1011991,1064281,1207671,1443531.0,1521808.0,1441986.0,1408446.0,1404119.0,1413783.0,1412951.0,1416432.0,1410390.0,1408398.0,1445521.0,1479298.0,1628114.0,1709014.0,1643588.0,1510950.0,1349998.0,1186858.0
72,2006,3,14,1090431,1038532,1013475,1007809,1040072,1166149,1392301.0,1463425.0,1413905.0,1389853.0,1386716.0,1380183.0,1368398.0,1364767.0,1347181.0,1347537.0,1384287.0,1462937.0,1570807.0,1691065.0,1719852.0,1639665.0,1525997.0,1399474.0
73,2006,3,15,1333648,1323147,1319872,1341052,1422487,1608359,1804407.0,1826799.0,1761645.0,1689203.0,1642015.0,1585612.0,1529995.0,1491576.0,1450199.0,1433044.0,1467043.0,1551700.0,1679146.0,1788578.0,1858183.0,1763675.0,1639269.0,1543221.0
74,2006,3,16,1500014,1512438,1519302,1546614,1613323,1774770,2024309.0,1968901.0,1783133.0,1710299.0,1624932.0,1547018.0,1489468.0,1454532.0,1400380.0,1403009.0,1438574.0,1523601.0,1615041.0,1707337.0,1767223.0,1693019.0,1561859.0,1439429.0
75,2006,3,17,1365814,1349513,1346924,1361554,1427077,1578771,1752702.0,1798224.0,1781845.0,1730928.0,1690711.0,1625066.0,1569765.0,1514343.0,1486075.0,1457368.0,1473344.0,1532057.0,1702467.0,1785578.0,1788070.0,1761553.0,1695395.0,1611845.0
76,2006,3,18,1549510,1535980,1551416,1573400,1630761,1731417,1843548.0,1931415.0,1939541.0,1904765.0,1829017.0,1736420.0,1653046.0,1581946.0,1527259.0,1510064.0,1521053.0,1595076.0,1763495.0,1854044.0,1841029.0,1813044.0,1749024.0,1679229.0
77,2006,3,19,1626272,1606957,1611616,1633212,1675279,1746500,1850486.0,1914646.0,1923905.0,1876221.0,1764073.0,1662281.0,1599325.0,1523917.0,1462958.0,1413687.0,1423630.0,1495150.0,1671371.0,1810267.0,1809837.0,1741304.0,1629032.0,1539177.0
78,2006,3,20,1502040,1501531,1528989,1580687,1669920,1807723,1970962.0,1988489.0,1904029.0,1795594.0,1720137.0,1659125.0,1603907.0,1569763.0,1548641.0,1556877.0,1622972.0,1735819.0,1822564.0,1907234.0,1934580.0,1834481.0,1690211.0,1566672.0
79,2006,3,21,1508122,1496121,1516239,1557747,1635185,1816067,1997008.0,2031619.0,2011091.0,1971922.0,1964228.0,1971326.0,1962719.0,1962468.0,1955130.0,1968471.0,2041214.0,2092480.0,2075390.0,2127299.0,2170841.0,2081571.0,1934944.0,1792084.0
80,2006,3,22,1735578,1722305,1730311,1769980,1863432,1985684,2112110.0,2098569.0,2083703.0,1987968.0,1918989.0,1834891.0,1758581.0,1711474.0,1654199.0,1631239.0,1666994.0,1766860.0,1877053.0,1940568.0,2005329.0,1913062.0,1780752.0,1650764.0
81,2006,3,23,1602106,1587857,1603194,1619759,1681042,1845233,2083205.0,2068732.0,1871063.0,1759651.0,1683620.0,1612241.0,1541619.0,1498773.0,1454282.0,1459979.0,1525536.0,1619647.0,1800121.0,1922144.0,1925895.0,1845992.0,1710501.0,1587722.0
82,2006,3,24,1524197,1511947,1515087,1541293,1602722,1758016,2008023.0,2037185.0,1884912.0,1783634.0,1702490.0,1616566.0,1548493.0,1504407.0,1476591.0,1482972.0,1533811.0,1620294.0,1739365.0,1806357.0,1784563.0,1734186.0,1647118.0,1548148.0
83,2006,3,25,1477427,1468328,1465618,1489866,1509634,1594743,1696986.0,1801236.0,1858696.0,1833812.0,1754158.0,1672984.0,1621245.0,1575171.0,1539549.0,1531483.0,1564320.0,1618533.0,1725821.0,1805743.0,1789761.0,1745684.0,1689786.0,1605238.0
84,2006,3,26,1553343,1541290,1541385,1574000,1605178,1669287,1754932.0,1841021.0,1862602.0,1831021.0,1737267.0,1650460.0,1598591.0,1554312.0,1507882.0,1489550.0,1512329.0,1583827.0,1732383.0,1856841.0,1850173.0,1762163.0,1631996.0,1531433.0
85,2006,3,27,1480891,1485248,1514780,1561177,1645402,1834640,2000438.0,1959875.0,1837482.0,1712198.0,1630954.0,1546730.0,1501873.0,1457617.0,1412745.0,1391198.0,1416099.0,1468527.0,1568831.0,1723309.0,1783951.0,1711625.0,1588096.0,1483259.0
86,2006,3,28,1439866,1431927,1443032,1464020,1525892,1681991,1824697.0,1852085.0,1790482.0,1681854.0,1595053.0,1532436.0,1477619.0,1439934.0,1416893.0,1438946.0,1500674.0,1606937.0,1666852.0,1734080.0,1743128.0,1642741.0,1492142.0,1381934.0
87,2006,3,29,1311037,1297038,1294669,1319496,1379283,1542900,1707414.0,1722916.0,1659750.0,1560013.0,1496628.0,1443142.0,1406039.0,1385016.0,1370241.0,1376544.0,1414779.0,1467195.0,1589845.0,1728415.0,1719181.0,1642186.0,1532889.0,1411666.0
88,2006,3,30,1365100,1365615,1393217,1434362,1532473,1708704,1880504.0,1823294.0,1694319.0,1557102.0,1471796.0,1431736.0,1397988.0,1392861.0,1365050.0,1359461.0,1378342.0,1408452.0,1524806.0,1665456.0,1636005.0,1533248.0,1383746.0,1238515.0
89,2006,3,31,1165343,1146162,1156324,1182628,1247477,1406486,1635068.0,1642910.0,1494600.0,1419666.0,1382605.0,1380151.0,1361136.0,1354449.0,1352289.0,1334490.0,1356807.0,1380985.0,1467670.0,1547005.0,1499121.0,1420496.0,1305679.0,1174199.0
90,2006,4,1,1082476,1031013,995421,979830,987847,1035016,1112041.0,1243262.0,1351683.0,1392322.0,1382873.0,1354747.0,1329110.0,1322989.0,1304911.0,1304897.0,1324512.0,1348454.0,1395571.0,1478936.0,1431695.0,1347527.0,1245829.0,1123365.0
91,2006,4,2,1038697,993221,983109,980682,978923,1003587,1058611.0,1164842.0,1299539.0,1375912.0,1377784.0,1348331.0,1321966.0,1287809.0,1261485.0,1257677.0,1264410.0,1292018.0,1321118.0,1422587.0,1540258.0,1466339.0,1316520.0,1164100.0
92,2006,4,3,1058119,1018526,1008274,1014371,1058759,1178786,1424502.0,1441668.0,1383653.0,1432799.0,1424497.0,1393693.0,1350847.0,1345751.0,1361156.0,1370767.0,1348077.0,1380947.0,1348808.0,1412863.0,1536615.0,1448731.0,1289425.0,1141146.0
93,2006,4,4,1052859,1018026,1010128,1034541,1095330,1259235,1531675.0,1641154.0,1474884.0,1429240.0,1463042.0,1433506.0,1398703.0,1372780.0,1340969.0,1329368.0,1338532.0,1371278.0,1423595.0,1451858.0,1571728.0,1595522.0,1455104.0,1321645.0
94,2006,4,5,1243013,1220500,1248173,1278768,1334044,1463476,1715390.0,1726057.0,1639370.0,1692724.0,1668294.0,1609617.0,1564149.0,1524861.0,1492346.0,1479823.0,1512001.0,1569753.0,1598037.0,1663679.0,1743041.0,1714079.0,1599134.0,1454034.0
95,2006,4,6,1369809,1339161,1343332,1363671,1435842,1557801,1802580.0,1778979.0,1656044.0,1630552.0,1545107.0,1481563.0,1425166.0,1403634.0,1372318.0,1369020.0,1381892.0,1410311.0,1451103.0,1543468.0,1637623.0,1567167.0,1421735.0,1272510.0
96,2006,4,7,1186412,1146131,1134446,1138363,1186017,1316527,1549964.0,1626260.0,1558763.0,1536914.0,1506696.0,1460165.0,1417024.0,1394645.0,1376001.0,1361556.0,1380357.0,1400810.0,1416004.0,1428407.0,1478013.0,1453982.0,1354428.0,1224923.0
97,2006,4,8,1114687,1045779,1013948,988880,999716,1041388,1096878.0,1195118.0,1329758.0,1421358.0,1463159.0,1457074.0,1432500.0,1411396.0,1415178.0,1431229.0,1460845.0,1495581.0,1538057.0,1577851.0,1641091.0,1604465.0,1533889.0,1448179.0
98,2006,4,9,1375358,1347218,1343990,1369296,1407580,1468281,1573691.0,1707918.0,1778293.0,1770448.0,1675618.0,1571243.0,1509258.0,1442639.0,1374572.0,1328376.0,1317292.0,1336534.0,1366337.0,1463582.0,1624191.0,1598637.0,1497821.0,1382872.0
99,2006,4,10,1333074,1333120,1364423,1414650,1505283,1630427,1783275.0,1829958.0,1797295.0,1704017.0,1599648.0,1523549.0,1464156.0,1431228.0,1396603.0,1388508.0,1393790.0,1417073.0,1385161.0,1449161.0,1650332.0,1584212.0,1432057.0,1286672.0
100,2006,4,11,1205419,1182649,1192627,1226738,1307431,1458002,1641104.0,1706704.0,1647358.0,1521197.0,1459411.0,1386556.0,1350468.0,1335298.0,1325177.0,1358837.0,1388146.0,1409346.0,1452311.0,1432690.0,1549566.0,1550799.0,1390732.0,1206765.0
101,2006,4,12,1104674,1062291,1042469,1055452,1107778,1243369,1391379.0,1460820.0,1469521.0,1433658.0,1407458.0,1387806.0,1364344.0,1354078.0,1340271.0,1348757.0,1371865.0,1414042.0,1442004.0,1482361.0,1592464.0,1518899.0,1379571.0,1206588.0
102,2006,4,13,1105350,1056673,1040778,1033798,1054772,1170075,1280382.0,1429520.0,1410065.0,1405775.0,1411139.0,1401934.0,1402922.0,1408128.0,1417112.0,1432927.0,1456347.0,1486285.0,1499492.0,1515539.0,1537947.0,1550764.0,1392765.0,1216279.0
103,2006,4,14,1100152,1032474,997263,988508,1013971,1100428,1245478.0,1327664.0,1371031.0,1392867.0,1399604.0,1384908.0,1348511.0,1325785.0,1310173.0,1296744.0,1321670.0,1353492.0,1365237.0,1388788.0,1474812.0,1425145.0,1307327.0,1174674.0
104,2006,4,15,1058955,998091,968641,956374,957174,980129,1040042.0,1148328.0,1291104.0,1383074.0,1402607.0,1400387.0,1409295.0,1406078.0,1421620.0,1448733.0,1483885.0,1509296.0,1497965.0,1492930.0,1571703.0,1524393.0,1393820.0,1223183.0
105,2006,4,16,1086063,988914,934455,914610,915660,953570,1004976.0,1111989.0,1274342.0,1367293.0,1348171.0,1337161.0,1325621.0,1292337.0,1253972.0,1233904.0,1231260.0,1234714.0,1257011.0,1308086.0,1414130.0,1363109.0,1231153.0,1094308.0
106,2006,4,17,994149,955364,926447,929303,973252,1068137,1168512.0,1278730.0,1390361.0,1441413.0,1475794.0,1496037.0,1492980.0,1466479.0,1446817.0,1458284.0,1472425.0,1504587.0,1527135.0,1483794.0,1593609.0,1608751.0,1468567.0,1324843.0
107,2006,4,18,1252477,1227250,1240604,1253153,1313157,1449649,1583049.0,1625722.0,1597860.0,1519145.0,1463385.0,1418263.0,1389919.0,1380842.0,1364640.0,1356449.0,1370289.0,1398290.0,1424411.0,1398255.0,1509779.0,1529796.0,1372058.0,1216596.0
108,2006,4,19,1104171,1071612,1066843,1081576,1141954,1288010,1501878.0,1500798.0,1419040.0,1448589.0,1426931.0,1403431.0,1389873.0,1394813.0,1392881.0,1394662.0,1427775.0,1457586.0,1478570.0,1494202.0,1541305.0,1459934.0,1371161.0,1206081.0
109,2006,4,20,1102048,1049580,1033719,1041248,1089984,1222062,1431361.0,1439016.0,1379263.0,1429631.0,1404695.0,1404653.0,1402587.0,1419500.0,1432430.0,1455186.0,1455823.0,1469508.0,1478852.0,1477247.0,1512986.0,1480603.0,1402179.0,1230893.0
110,2006,4,21,1120852,1061132,1033496,1026513,1056254,1158620,1338025.0,1357734.0,1329237.0,1416919.0,1418360.0,1412216.0,1387465.0,1376081.0,1361218.0,1358357.0,1374816.0,1430943.0,1461990.0,1477544.0,1465029.0,1438697.0,1327504.0,1207082.0
111,2006,4,22,1097857,1043621,1013255,996817,986106,1019050,1087669.0,1194735.0,1327875.0,1409351.0,1447298.0,1441837.0,1412537.0,1376124.0,1356740.0,1360757.0,1378026.0,1399841.0,1406673.0,1414135.0,1432139.0,1364658.0,1274927.0,1160674.0
112,2006,4,23,1067352,1009939,982247,974807,977580,1006671,1065660.0,1172569.0,1316068.0,1398559.0,1406979.0,1390114.0,1367204.0,1338344.0,1314955.0,1314482.0,1344443.0,1373414.0,1390729.0,1432036.0,1558399.0,1491999.0,1320656.0,1165861.0
113,2006,4,24,1048395,1005977,975187,982593,1032003,1155683,1377745.0,1465011.0,1353928.0,1347381.0,1345826.0,1420964.0,1411779.0,1425675.0,1443505.0,1453137.0,1491047.0,1533392.0,1548059.0,1566277.0,1595635.0,1528070.0,1411320.0,1225470.0
114,2006,4,25,1102270,1041766,1019547,1021396,1077219,1203887,1427057.0,1501977.0,1436147.0,1406626.0,1405343.0,1415602.0,1428479.0,1369836.0,1392165.0,1419538.0,1518461.0,1526356.0,1529301.0,1545169.0,1512724.0,1507526.0,1399143.0,1236564.0
115,2006,4,26,1128891,1074665,1052330,1053089,1091153,1222260,1452236.0,1492640.0,1372175.0,1345720.0,1402918.0,1380714.0,1363324.0,1373109.0,1357369.0,1382950.0,1424253.0,1483855.0,1532187.0,1568289.0,1588187.0,1527257.0,1441608.0,1285878.0
116,2006,4,27,1199819,1174418,1158401,1167237,1231236,1380228,1530839.0,1580977.0,1539871.0,1468781.0,1432408.0,1400098.0,1375902.0,1368619.0,1357005.0,1352600.0,1378472.0,1397928.0,1418756.0,1381703.0,1506157.0,1534390.0,1377448.0,1218363.0
117,2006,4,28,1133066,1093813,1099282,1116574,1163294,1298548,1448570.0,1506060.0,1486973.0,1448243.0,1414293.0,1383706.0,1358507.0,1355862.0,1334886.0,1321999.0,1334425.0,1360975.0,1360004.0,1374316.0,1399865.0,1389377.0,1369747.0,1250271.0
118,2006,4,29,1164308,1132233,1122306,1134099,1179268,1256315,1362470.0,1457603.0,1500919.0,1472918.0,1406542.0,1349040.0,1321758.0,1289592.0,1260292.0,1258840.0,1274116.0,1294335.0,1302026.0,1321776.0,1411884.0,1394367.0,1308307.0,1189989.0
119,2006,4,30,1106272,1072945,1071268,1081614,1115984,1163473,1239224.0,1368201.0,1477979.0,1502242.0,1442255.0,1393122.0,1342988.0,1310165.0,1269165.0,1251264.0,1263737.0,1305732.0,1339419.0,1394666.0,1525152.0,1492448.0,1337920.0,1196697.0
120,2006,5,1,1104898,1082421,1089218,1116211,1182132,1345831,1525256.0,1573784.0,1464402.0,1408848.0,1439214.0,1405550.0,1387062.0,1388039.0,1384200.0,1367509.0,1397317.0,1428706.0,1463501.0,1498338.0,1535438.0,1486577.0,1394203.0,1232087.0
121,2006,5,2,1141648,1108614,1106376,1125667,1185119,1327172,1577199.0,1629257.0,1509271.0,1452929.0,1345679.0,1409656.0,1333882.0,1340472.0,1339501.0,1427516.0,1459149.0,1489602.0,1513526.0,1542642.0,1544781.0,1566416.0,1387241.0,1217885.0
122,2006,5,3,1113329,1057899,1036033,1037426,1073117,1208065,1429367.0,1502487.0,1440199.0,1422411.0,1412727.0,1413305.0,1323664.0,1332303.0,1328971.0,1334725.0,1451395.0,1477217.0,1494825.0,1512681.0,1528812.0,1560405.0,1397589.0,1208186.0
123,2006,5,4,1099838,1036954,972551,974118,1016670,1147552,1389375.0,1479172.0,1423307.0,1416470.0,1413408.0,1429377.0,1447201.0,1466327.0,1415357.0,1442339.0,1477211.0,1511132.0,1592056.0,1601850.0,1612694.0,1641024.0,1460814.0,1268552.0
124,2006,5,5,1143780,1072534,1039169,1023775,1052531,1153813,1334783.0,1407718.0,1390617.0,1397389.0,1343128.0,1359528.0,1393599.0,1407980.0,1484654.0,1479250.0,1474283.0,1479680.0,1510434.0,1479618.0,1444059.0,1487342.0,1365619.0,1229342.0
125,2006,5,6,1106665,1031481,990806,965307,942662,1023616,1055891.0,1169696.0,1303602.0,1377908.0,1411914.0,1418193.0,1413732.0,1405754.0,1403028.0,1419322.0,1448399.0,1462427.0,1443921.0,1402502.0,1445475.0,1412690.0,1294313.0,1156024.0
126,2006,5,7,1044475,980440,948278,935736,915251,947862,995283.0,1117222.0,1259364.0,1327739.0,1314188.0,1286295.0,1275232.0,1266289.0,1246902.0,1266837.0,1311978.0,1374417.0,1412631.0,1464244.0,1513581.0,1426881.0,1285093.0,1148718.0
127,2006,5,8,1055442,1021265,1015767,1023279,1074430,1207406,1379828.0,1486912.0,1465798.0,1466646.0,1533565.0,1535804.0,1512757.0,1497853.0,1480095.0,1484700.0,1546237.0,1617539.0,1672529.0,1687276.0,1644565.0,1624272.0,1461430.0,1309634.0
128,2006,5,9,1216705,1175237,1156172,1163184,1207053,1337268,1560750.0,1603921.0,1516217.0,1483504.0,1449314.0,1417766.0,1386302.0,1302427.0,1286994.0,1296397.0,1320308.0,1435059.0,1459047.0,1484631.0,1504873.0,1559620.0,1386164.0,1225378.0
129,2006,5,10,1130647,1094591,1071075,1040632,1091652,1243401,1444883.0,1498760.0,1410789.0,1357636.0,1341602.0,1335504.0,1337261.0,1355758.0,1284955.0,1315479.0,1372397.0,1419672.0,1543450.0,1561835.0,1585304.0,1600604.0,1451770.0,1252672.0
130,2006,5,11,1137030,1078362,1047611,1034669,1078221,1186752,1406901.0,1494325.0,1445366.0,1436951.0,1453812.0,1456032.0,1453033.0,1447545.0,1352029.0,1363427.0,1397262.0,1456767.0,1552382.0,1579619.0,1529151.0,1469282.0,1381930.0,1226048.0
131,2006,5,12,1123833,1072699,1054146,1054582,1100203,1228484,1459471.0,1539834.0,1476695.0,1382100.0,1356044.0,1345811.0,1323958.0,1315752.0,1375617.0,1365069.0,1377074.0,1393545.0,1390356.0,1382623.0,1441797.0,1438909.0,1345083.0,1207773.0
132,2006,5,13,1095133,1030315,1000886,994000,1005376,1055237,1131668.0,1245637.0,1352680.0,1377502.0,1367083.0,1345313.0,1340707.0,1332110.0,1321003.0,1331148.0,1353666.0,1364655.0,1358154.0,1345561.0,1404061.0,1391456.0,1284733.0,1153147.0
133,2006,5,14,1046464,979957,956471,949484,951197,966810,1021444.0,1148284.0,1301561.0,1376053.0,1366646.0,1336967.0,1315597.0,1293385.0,1271271.0,1275654.0,1277234.0,1308105.0,1334393.0,1387149.0,1465129.0,1420797.0,1293412.0,1156025.0
134,2006,5,15,1059149,1021308,1005448,1018737,1057908,1188741,1412078.0,1491780.0,1451342.0,1434023.0,1430994.0,1422048.0,1411782.0,1337008.0,1334864.0,1334065.0,1360372.0,1477252.0,1508744.0,1534310.0,1527397.0,1543528.0,1382134.0,1223870.0
135,2006,5,16,1113452,1071669,1055591,1064760,1114514,1247733,1466294.0,1527262.0,1454242.0,1424091.0,1348227.0,1333819.0,1403955.0,1398794.0,1388804.0,1314719.0,1350448.0,1460394.0,1485306.0,1511320.0,1505886.0,1565783.0,1397116.0,1230292.0
136,2006,5,17,1132125,1093388,1075894,1071424,1123633,1251961,1476802.0,1540338.0,1462017.0,1433145.0,1423319.0,1413702.0,1403876.0,1332309.0,1330083.0,1332892.0,1372243.0,1406307.0,1499543.0,1513398.0,1517857.0,1551390.0,1407126.0,1226899.0
137,2006,5,18,1117498,1054933,1033069,1040140,1089631,1212355,1421883.0,1492464.0,1435096.0,1425601.0,1415840.0,1411747.0,1328835.0,1330102.0,1327403.0,1330251.0,1436907.0,1467426.0,1486062.0,1496632.0,1518040.0,1565612.0,1406605.0,1236875.0
138,2006,5,19,1127723,1071685,1054162,1056725,1094312,1219348,1425879.0,1512178.0,1468557.0,1439499.0,1431599.0,1346583.0,1327676.0,1315857.0,1291766.0,1289706.0,1381642.0,1423632.0,1433350.0,1435134.0,1482171.0,1474768.0,1375897.0,1240593.0
139,2006,5,20,1131052,1076329,1031321,1037091,1049558,1097289,1169749.0,1282348.0,1373383.0,1406028.0,1380496.0,1373499.0,1339834.0,1346433.0,1339526.0,1354698.0,1379815.0,1397045.0,1387632.0,1373573.0,1402337.0,1410694.0,1305492.0,1171158.0
140,2006,5,21,1060394,995213,970486,967016,972647,994357,1047950.0,1173140.0,1304989.0,1367308.0,1364476.0,1343054.0,1348687.0,1356615.0,1342571.0,1349973.0,1376845.0,1413464.0,1427149.0,1447722.0,1503829.0,1504501.0,1328815.0,1162723.0
141,2006,5,22,1055742,1002043,989077,1006984,1054282,1182504,1407164.0,1490869.0,1444171.0,1419076.0,1345119.0,1337767.0,1322837.0,1329101.0,1401833.0,1427399.0,1464515.0,1496116.0,1523481.0,1530526.0,1519599.0,1572333.0,1399269.0,1228014.0
142,2006,5,23,1123686,1075489,1063163,1064826,1118605,1252287,1479008.0,1552499.0,1465622.0,1433806.0,1418373.0,1405685.0,1397765.0,1325463.0,1322745.0,1322370.0,1358543.0,1387077.0,1482562.0,1494127.0,1476809.0,1560846.0,1393611.0,1225961.0
143,2006,5,24,1120819,1086577,1076519,1087955,1134806,1257869,1476206.0,1536489.0,1453920.0,1413091.0,1401550.0,1400308.0,1393711.0,1333614.0,1348188.0,1367699.0,1427249.0,1510899.0,1567459.0,1559691.0,1534641.0,1572596.0,1427127.0,1254676.0
144,2006,5,25,1133853,1092648,1076863,1081043,1122458,1241949,1412452.0,1452161.0,1402038.0,1405314.0,1433822.0,1449782.0,1461916.0,1471806.0,1461939.0,1501485.0,1587287.0,1696462.0,1781284.0,1767742.0,1729249.0,1658184.0,1492205.0,1328583.0
145,2006,5,26,1195058,1132775,1098043,1086436,1115718,1196217,1352390.0,1424990.0,1436068.0,1463645.0,1505258.0,1526979.0,1581700.0,1641770.0,1694287.0,1667798.0,1631702.0,1682636.0,1712309.0,1673359.0,1646085.0,1625368.0,1494138.0,1331071.0
146,2006,5,27,1193429,1106410,1053861,1029793,1024833,1040559,1095286.0,1207309.0,1352135.0,1465332.0,1518949.0,1558541.0,1545832.0,1563749.0,1576793.0,1602675.0,1667745.0,1724327.0,1747120.0,1690350.0,1607223.0,1524514.0,1386406.0,1244019.0
147,2006,5,28,1122868,1041616,995726,967156,958139,970333,1013515.0,1130830.0,1314962.0,1435716.0,1531350.0,1583173.0,1652442.0,1715673.0,1732633.0,1791277.0,1807637.0,1843179.0,1854012.0,1753760.0,1651784.0,1539282.0,1375551.0,1201555.0
148,2006,5,29,1084945,1025100,996989,994114,1030343,1131094,1301019.0,1370771.0,1385774.0,1480228.0,1599953.0,1719550.0,1832585.0,1961698.0,1977082.0,2057936.0,2097931.0,2095798.0,2169301.0,1998910.0,1872204.0,1753908.0,1536628.0,1318200.0
149,2006,5,30,1177073,1105047,1067787,1061893,1085970,1186955,1362100.0,1432968.0,1452329.0,1576363.0,1738238.0,1899651.0,2058741.0,2203150.0,2256191.0,2256789.0,2304317.0,2286352.0,2272460.0,2083489.0,1974750.0,1851990.0,1649843.0,1436255.0
150,2006,5,31,1284015,1200208,1143639,1111980,1125815,1216092,1372934.0,1423481.0,1417233.0,1471745.0,1552263.0,1671346.0,1772177.0,1852973.0,1902607.0,1962196.0,1999110.0,2023565.0,2026015.0,1944707.0,1919831.0,1841386.0,1657228.0,1438967.0
151,2006,6,1,1468319,1370996,1304743,1288393,1327061,1417249,1618696.0,1750944.0,1804166.0,1890238.0,1969230.0,2107701.0,2219263.0,2213928.0,2230947.0,2251561.0,2221821.0,2140137.0,2206030.0,2128842.0,2121253.0,2050468.0,1831653.0,1594891.0
152,2006,6,2,1423598,1324088,1305567,1267519,1277202,1367259,1549587.0,1670626.0,1696752.0,1761347.0,1826410.0,1928176.0,1951498.0,2021513.0,2063061.0,2080057.0,2079501.0,2130008.0,2056711.0,1976277.0,1930650.0,1859876.0,1699700.0,1521863.0
153,2006,6,3,1382646,1279984,1225099,1189699,1173308,1202458,1250743.0,1360120.0,1477455.0,1546924.0,1582844.0,1595018.0,1601292.0,1596896.0,1587588.0,1591647.0,1563023.0,1558561.0,1536105.0,1498310.0,1476501.0,1506038.0,1409051.0,1249873.0
154,2006,6,4,1125583,1048194,1002642,982421,973311,989710,1012153.0,1143143.0,1302567.0,1410990.0,1451942.0,1486124.0,1522742.0,1548841.0,1554459.0,1572879.0,1602501.0,1622503.0,1616545.0,1582433.0,1589073.0,1573267.0,1414808.0,1233272.0
155,2006,6,5,1121106,1043908,1015321,1011180,1049360,1157456,1346966.0,1432863.0,1423026.0,1428627.0,1454255.0,1474614.0,1486390.0,1523546.0,1466442.0,1502821.0,1554984.0,1605027.0,1691360.0,1666145.0,1669991.0,1656346.0,1482758.0,1286100.0
156,2006,6,6,1160290,1097650,1066930,1053370,1091804,1210928,1370554.0,1450493.0,1449542.0,1464449.0,1501320.0,1547189.0,1565764.0,1586225.0,1600712.0,1568974.0,1620934.0,1663010.0,1734880.0,1709474.0,1703469.0,1699572.0,1511936.0,1307801.0
157,2006,6,7,1187819,1119061,1083074,1076098,1080253,1135458,1298581.0,1384496.0,1379228.0,1409295.0,1459292.0,1515577.0,1560066.0,1630933.0,1619968.0,1688872.0,1738357.0,1766296.0,1855134.0,1830773.0,1829872.0,1810401.0,1615142.0,1412012.0
158,2006,6,8,1268266,1185961,1135660,1104379,1119827,1216810,1371087.0,1481450.0,1499008.0,1535172.0,1591786.0,1640693.0,1697570.0,1739368.0,1718646.0,1749457.0,1768186.0,1789089.0,1851798.0,1806467.0,1788631.0,1778860.0,1592530.0,1402650.0
159,2006,6,9,1262060,1184170,1137877,1105848,1124686,1210479,1364362.0,1472915.0,1488927.0,1548802.0,1639439.0,1709418.0,1736799.0,1755899.0,1779493.0,1747515.0,1770977.0,1787303.0,1822051.0,1747833.0,1694277.0,1692104.0,1558757.0,1386382.0
160,2006,6,10,1232358,1133743,1082768,1048476,1041340,1055298,1120449.0,1239688.0,1362315.0,1426772.0,1457852.0,1469759.0,1466603.0,1467912.0,1470934.0,1487991.0,1517485.0,1537915.0,1518777.0,1473630.0,1460767.0,1475065.0,1359292.0,1212024.0
161,2006,6,11,1092246,1017751,977754,955067,948065,964738,997259.0,1125737.0,1277164.0,1365651.0,1394815.0,1400728.0,1418287.0,1430114.0,1436197.0,1467768.0,1503957.0,1556537.0,1556905.0,1550186.0,1570654.0,1582195.0,1430780.0,1261318.0
162,2006,6,12,1142620,1077148,1045628,1038239,1068722,1157956,1301859.0,1395944.0,1417911.0,1449083.0,1477014.0,1492424.0,1492059.0,1490976.0,1419092.0,1443437.0,1483599.0,1533751.0,1631211.0,1605108.0,1609220.0,1608095.0,1454022.0,1264954.0
163,2006,6,13,1148743,1098761,1069320,1057034,1080191,1171770,1311134.0,1407804.0,1431456.0,1467117.0,1521494.0,1564787.0,1591088.0,1668695.0,1621855.0,1678098.0,1762302.0,1812542.0,1885579.0,1828012.0,1797418.0,1789888.0,1604800.0,1397229.0
164,2006,6,14,1243546,1158386,1102778,1090367,1114220,1205204,1336647.0,1423699.0,1445553.0,1473158.0,1500232.0,1535219.0,1543570.0,1555075.0,1481300.0,1489639.0,1521101.0,1560978.0,1658452.0,1649268.0,1652964.0,1636958.0,1488762.0,1317647.0
165,2006,6,15,1205144,1145332,1097999,1086364,1104112,1194362,1315714.0,1427703.0,1480613.0,1535418.0,1597494.0,1644174.0,1683701.0,1721785.0,1753427.0,1738399.0,1798387.0,1832353.0,1903483.0,1831402.0,1773741.0,1769571.0,1588420.0,1370292.0
166,2006,6,16,1219825,1135088,1099827,1079389,1101782,1166496,1303069.0,1414609.0,1477045.0,1539810.0,1619705.0,1677863.0,1738637.0,1794397.0,1834984.0,1831604.0,1897049.0,1929309.0,1991912.0,1936126.0,1839033.0,1800199.0,1648237.0,1443485.0
167,2006,6,17,1286996,1188871,1125095,1092991,1084584,1088845,1143048.0,1271115.0,1428286.0,1568972.0,1694256.0,1802224.0,1881444.0,1932508.0,2009490.0,2068196.0,2118792.0,2130249.0,2114320.0,2033675.0,1940330.0,1908693.0,1754349.0,1549691.0
168,2006,6,18,1380182,1255691,1191046,1146807,1119685,1116751,1141721.0,1296658.0,1519436.0,1734980.0,1897635.0,2037113.0,2153527.0,2229159.0,2275083.0,2326844.0,2370568.0,2383167.0,2340121.0,2238526.0,2173435.0,2124258.0,1913388.0,1664210.0
169,2006,6,19,1481778,1376081,1298144,1264331,1273510,1339153,1466703.0,1618620.0,1725093.0,1849094.0,1986303.0,2102409.0,2168546.0,2195898.0,2174457.0,2214312.0,2249297.0,2280877.0,2323701.0,2246726.0,2167714.0,2096660.0,1857840.0,1622072.0
170,2006,6,20,1455474,1361845,1306896,1276639,1282201,1347828,1476059.0,1609572.0,1708170.0,1797503.0,1916384.0,1968772.0,2019346.0,2101641.0,2110310.0,2185446.0,2254547.0,2293291.0,2346844.0,2264310.0,2176933.0,2114896.0,1879376.0,1616207.0
171,2006,6,21,1443127,1328395,1253876,1210424,1223664,1288403,1412862.0,1548827.0,1657176.0,1766491.0,1905960.0,2043917.0,2140673.0,2210362.0,2197359.0,2247494.0,2274612.0,2339130.0,2417239.0,2344658.0,2240257.0,2184922.0,1955523.0,1698929.0
172,2006,6,22,1510263,1400838,1333606,1286401,1292679,1366111,1493542.0,1634850.0,1725344.0,1835323.0,1970494.0,2098137.0,2187035.0,2300948.0,2340566.0,2426584.0,2488833.0,2541880.0,2632762.0,2597871.0,2530605.0,2456658.0,2228806.0,1949466.0
173,2006,6,23,1758011,1625257,1535955,1450907,1352661,1406322,1506947.0,1633181.0,1752442.0,1909473.0,1993932.0,2025714.0,2060957.0,2075470.0,2123171.0,2078350.0,2106900.0,2153545.0,2170548.0,2083239.0,2015480.0,1951303.0,1805852.0,1613015.0
174,2006,6,24,1445539,1345752,1278091,1235577,1221997,1238679,1279619.0,1387711.0,1525267.0,1674661.0,1794799.0,1911533.0,1996030.0,2021623.0,2022076.0,2056363.0,2075060.0,2074700.0,2050293.0,1969546.0,1920264.0,1883794.0,1751316.0,1566873.0
175,2006,6,25,1415490,1323391,1261333,1231764,1202560,1194968,1228058.0,1334633.0,1498892.0,1637247.0,1727103.0,1814613.0,1893775.0,1938975.0,1944466.0,1938066.0,1946668.0,1925925.0,1914930.0,1879516.0,1850144.0,1817161.0,1669523.0,1477885.0
176,2006,6,26,1343242,1273358,1228856,1217486,1243528,1335339,1471435.0,1594220.0,1674795.0,1768551.0,1880202.0,1975507.0,2043564.0,2086309.0,2015034.0,1987411.0,1971794.0,1968046.0,2035445.0,1995155.0,1960695.0,1925696.0,1769975.0,1572362.0
177,2006,6,27,1433432,1355966,1307832,1303552,1329963,1407457,1543013.0,1668278.0,1747272.0,1810059.0,1855613.0,1898945.0,1935912.0,1966035.0,1904945.0,1865595.0,1851709.0,1839955.0,1897815.0,1891557.0,1870947.0,1823808.0,1668938.0,1488616.0
178,2006,6,28,1360198,1282764,1228828,1211971,1232785,1308091,1443445.0,1561980.0,1654486.0,1775198.0,1910023.0,2033223.0,2135550.0,2223572.0,2192696.0,2258759.0,2234999.0,2223354.0,2293962.0,2229066.0,2159066.0,2094120.0,1887902.0,1649413.0
179,2006,6,29,1469236,1354732,1289809,1248181,1248727,1315853,1434547.0,1561019.0,1658756.0,1777448.0,1920648.0,2052930.0,2143349.0,2208664.0,2132281.0,2166858.0,2145727.0,2130107.0,2187068.0,2118246.0,2052585.0,2008991.0,1808356.0,1578927.0
180,2006,6,30,1398382,1287066,1216753,1170627,1169866,1232535,1342101.0,1478941.0,1577261.0,1666631.0,1761664.0,1840399.0,1893871.0,1974168.0,2038883.0,2027436.0,2069487.0,2099848.0,2128733.0,2016296.0,1887564.0,1846586.0,1684044.0,1483725.0
181,2006,7,1,1311256,1195046,1137063,1100482,1091914,1098194,1130011.0,1256520.0,1431317.0,1592284.0,1738732.0,1875073.0,1975733.0,2066043.0,2125508.0,2178837.0,2230156.0,2237875.0,2178978.0,2055429.0,1938028.0,1889832.0,1735388.0,1557535.0
182,2006,7,2,1378096,1259051,1182589,1136980,1111775,1112224,1139691.0,1312181.0,1558635.0,1806404.0,1993603.0,2152946.0,2290799.0,2378572.0,2403360.0,2450157.0,2470752.0,2474966.0,2435676.0,2302488.0,2195086.0,2125228.0,1932421.0,1706172.0
183,2006,7,3,1509600,1383290,1304370,1266591,1261390,1319715,1419292.0,1551275.0,1707928.0,1874719.0,2039467.0,2195830.0,2270915.0,2345512.0,2336576.0,2368507.0,2362592.0,2385760.0,2469307.0,2379217.0,2274464.0,2186535.0,2006754.0,1785373.0
184,2006,7,4,1582886,1453608,1373699,1314573,1290059,1283857,1294047.0,1423924.0,1636918.0,1906601.0,2156011.0,2338254.0,2441305.0,2426840.0,2444202.0,2398561.0,2378527.0,2316968.0,2258729.0,2170676.0,2055306.0,1927304.0,1811727.0,1648711.0
185,2006,7,5,1475531,1359346,1297913,1265676,1271842,1348105,1474862.0,1586518.0,1684081.0,1806375.0,1921866.0,2018615.0,2068789.0,2075020.0,2097217.0,2102801.0,2087657.0,2052209.0,2001897.0,2004148.0,1957508.0,1872589.0,1709015.0,1520340.0
186,2006,7,6,1383065,1312804,1244384,1211678,1218273,1283980,1389554.0,1468704.0,1506641.0,1554753.0,1603291.0,1624939.0,1661767.0,1631233.0,1654152.0,1702930.0,1767765.0,1809506.0,1797458.0,1808203.0,1760242.0,1761963.0,1606593.0,1409753.0
187,2006,7,7,1262707,1171217,1115782,1082135,1088612,1149670,1259127.0,1373227.0,1445010.0,1528518.0,1598389.0,1654677.0,1726204.0,1681438.0,1726557.0,1770595.0,1816078.0,1852982.0,1877609.0,1825013.0,1755186.0,1742381.0,1600476.0,1418770.0
188,2006,7,8,1261928,1162206,1107876,1079716,1067167,1080568,1117174.0,1201409.0,1324597.0,1430843.0,1517219.0,1587237.0,1649128.0,1634642.0,1707749.0,1772779.0,1814795.0,1826906.0,1787824.0,1775677.0,1718295.0,1693739.0,1568261.0,1386276.0
189,2006,7,9,1235800,1132333,1076013,1038881,1033261,1034061,1049963.0,1175562.0,1343289.0,1498795.0,1627011.0,1730738.0,1823510.0,1821770.0,1853799.0,1888845.0,1920719.0,1947519.0,1898903.0,1904128.0,1856485.0,1829476.0,1651885.0,1452667.0
190,2006,7,10,1295014,1205073,1138852,1117058,1131881,1220152,1330347.0,1473261.0,1566075.0,1677661.0,1823299.0,1968329.0,1997065.0,2086358.0,2145163.0,2204501.0,2250501.0,2272679.0,2299096.0,2285312.0,2211511.0,2166778.0,1947401.0,1705544.0
191,2006,7,11,1522622,1420651,1350520,1318363,1321860,1393092,1510901.0,1583368.0,1710136.0,1859624.0,2030340.0,2183439.0,2305386.0,2382573.0,2381914.0,2387482.0,2419197.0,2428015.0,2464916.0,2382102.0,2331151.0,2240625.0,1999104.0,1751820.0
192,2006,7,12,1647604,1549796,1480927,1449632,1449826,1519230,1610134.0,1603702.0,1698960.0,1838798.0,2002922.0,2166493.0,2271673.0,2376229.0,2440249.0,2466190.0,2477376.0,2441560.0,2397102.0,2333142.0,2242193.0,2160932.0,1959768.0,1723520.0
193,2006,7,13,1628657,1540424,1477018,1459267,1478681,1552724,1673174.0,1705750.0,1771216.0,1854382.0,1933721.0,1988133.0,2027246.0,2052687.0,2097715.0,2132988.0,2155882.0,2189612.0,2221244.0,2162146.0,2118307.0,2075913.0,1888833.0,1664679.0
194,2006,7,14,1549627,1458223,1396326,1363678,1371095,1452211,1585052.0,1714633.0,1744548.0,1844099.0,1953355.0,2058809.0,2104501.0,2125137.0,2178447.0,2231576.0,2252438.0,2276682.0,2260288.0,2178743.0,2104540.0,2055126.0,1880540.0,1731789.0
195,2006,7,15,1566152,1463753,1382290,1341414,1327705,1345418,1375322.0,1480964.0,1632264.0,1775679.0,1921972.0,2042170.0,2140122.0,2116422.0,2179974.0,2250907.0,2321173.0,2344438.0,2310495.0,2194508.0,2162811.0,2107229.0,1937586.0,1729082.0
196,2006,7,16,1555268,1429906,1345040,1288727,1265178,1253692,1271369.0,1434178.0,1694802.0,1932700.0,2097879.0,2215370.0,2304636.0,2289206.0,2343840.0,2403925.0,2483291.0,2539396.0,2513918.0,2415032.0,2362723.0,2285206.0,2045992.0,1785751.0
197,2006,7,17,1586625,1464861,1403331,1358896,1356679,1413628,1537360.0,1690682.0,1849319.0,2044831.0,2240170.0,2369701.0,2529259.0,2613745.0,2631149.0,2661825.0,2724082.0,2750314.0,2803792.0,2707837.0,2619355.0,2524140.0,2318500.0,2019740.0
198,2006,7,18,1815743,1671676,1573005,1510581,1489719,1543715,1646906.0,1795722.0,1939538.0,2134920.0,2274567.0,2472091.0,2630682.0,2699776.0,2720716.0,2744133.0,2738119.0,2675989.0,2681557.0,2562971.0,2492525.0,2379720.0,2190616.0,1917301.0
199,2006,7,19,1731550,1596336,1512668,1457291,1447590,1503229,1613721.0,1740568.0,1855333.0,1990966.0,2139349.0,2209914.0,2328294.0,2388926.0,2474246.0,2532048.0,2542889.0,2530515.0,2486217.0,2387290.0,2302811.0,2289796.0,2063756.0,1832965.0
200,2006,7,20,1648188,1529228,1456374,1407168,1407240,1462997,1577344.0,1709140.0,1800945.0,1925159.0,2076071.0,2147955.0,2262716.0,2350287.0,2438618.0,2516994.0,2570877.0,2572867.0,2549809.0,2458473.0,2388013.0,2363161.0,2132568.0,1880565.0
201,2006,7,21,1696372,1580671,1503228,1463420,1456685,1517587,1625454.0,1761547.0,1877032.0,1996331.0,2172021.0,2340662.0,2379248.0,2441838.0,2466995.0,2458247.0,2437239.0,2422714.0,2349848.0,2246543.0,2266945.0,2205887.0,2036685.0,1839532.0
202,2006,7,22,1671699,1549284,1481313,1434205,1415091,1427624,1463973.0,1539617.0,1680680.0,1849690.0,1994067.0,2099566.0,2162919.0,2211927.0,2225208.0,2260499.0,2313709.0,2329685.0,2298434.0,2188376.0,2106910.0,2058375.0,1896673.0,1716574.0
203,2006,7,23,1539471,1414386,1336247,1286784,1255647,1241621,1260503.0,1366041.0,1539920.0,1678590.0,1752425.0,1807129.0,1864966.0,1925743.0,1965889.0,2027285.0,2099954.0,2146754.0,2134560.0,2045492.0,1971884.0,1927610.0,1727026.0,1515555.0
204,2006,7,24,1349793,1253052,1198060,1169083,1177715,1249645,1363904.0,1496135.0,1613207.0,1759960.0,1910350.0,2052914.0,2149984.0,2204377.0,2200241.0,2269111.0,2318709.0,2337705.0,2395985.0,2303021.0,2222594.0,2154345.0,1918152.0,1677965.0
205,2006,7,25,1504532,1397756,1329794,1291932,1300259,1378198,1493850.0,1604652.0,1686219.0,1776138.0,1879332.0,1982968.0,2052151.0,2099886.0,2068693.0,2092815.0,2123104.0,2142508.0,2231926.0,2181773.0,2147625.0,2077619.0,1874133.0,1661467.0
206,2006,7,26,1515287,1420278,1352948,1314115,1318343,1390665,1511817.0,1624660.0,1725990.0,1860700.0,2018666.0,2158336.0,2290177.0,2385771.0,2416324.0,2433996.0,2489660.0,2512271.0,2542722.0,2465319.0,2393984.0,2305304.0,2083034.0,1839613.0
207,2006,7,27,1666276,1544364,1467288,1422501,1429067,1502542,1622049.0,1751789.0,1869467.0,2017054.0,2197410.0,2382472.0,2493838.0,2581679.0,2568146.0,2549602.0,2574005.0,2666134.0,2695243.0,2620148.0,2552735.0,2452524.0,2212662.0,1958991.0
208,2006,7,28,1778292,1657620,1575157,1531172,1524521,1586746,1695114.0,1812832.0,1923503.0,2093780.0,2266585.0,2387033.0,2441751.0,2490723.0,2511451.0,2406841.0,2415785.0,2415057.0,2455200.0,2349445.0,2281822.0,2216675.0,2039316.0,1830327.0
209,2006,7,29,1676480,1562320,1473413,1416786,1406064,1403268,1440895.0,1562887.0,1785638.0,1992288.0,2182698.0,2313058.0,2397196.0,2480580.0,2537653.0,2562555.0,2569157.0,2552894.0,2521346.0,2443779.0,2341697.0,2269337.0,2078721.0,1884051.0
210,2006,7,30,1701220,1563066,1467756,1411716,1372876,1369780,1375568.0,1498784.0,1742052.0,1965231.0,2160852.0,2303406.0,2421276.0,2522716.0,2586573.0,2625055.0,2648167.0,2653356.0,2606483.0,2506107.0,2445494.0,2361037.0,2124505.0,1883282.0
211,2006,7,31,1694528,1576855,1504674,1464492,1463956,1523786,1634815.0,1782573.0,1939378.0,2110381.0,2319896.0,2496432.0,2645972.0,2718787.0,2664464.0,2659895.0,2677207.0,2665116.0,2766972.0,2651811.0,2630350.0,2532026.0,2269274.0,2011405.0
212,2006,8,1,1818813,1693732,1607988,1566649,1551732,1617324,1723021.0,1845329.0,1993114.0,2179101.0,2402027.0,2608510.0,2738837.0,2792169.0,2792235.0,2805425.0,2845611.0,2864012.0,3002231.0,2919643.0,2839924.0,2717962.0,2448514.0,2184943.0
213,2006,8,2,1909631,1789413,1676381,1615278,1571334,1635031,1747038.0,1912410.0,2027901.0,2183786.0,2358948.0,2548926.0,2644176.0,2759543.0,2826754.0,2829859.0,2895533.0,2970379.0,2966545.0,2869279.0,2800381.0,2721126.0,2451196.0,2222102.0
214,2006,8,3,1988279,1847881,1776901,1720545,1716721,1707849,1810412.0,1936654.0,2074086.0,2249915.0,2434586.0,2619060.0,2727747.0,2831869.0,2862344.0,2930956.0,2933873.0,2999970.0,3048298.0,2915924.0,2906012.0,2807124.0,2489304.0,2238134.0
215,2006,8,4,1987834,1888019,1795052,1683402,1586651,1640963,1777147.0,1895296.0,2035665.0,2172316.0,2329139.0,2449155.0,2510040.0,2544801.0,2496167.0,2487147.0,2457833.0,2521301.0,2507554.0,2425319.0,2397082.0,2347198.0,2189407.0,1888805.0
216,2006,8,5,1628082,1493465,1446598,1390018,1366681,1322020,1342024.0,1508177.0,1744309.0,1915806.0,2057088.0,2162678.0,2255151.0,2270602.0,2324061.0,2350787.0,2398706.0,2458982.0,2457937.0,2227294.0,1974471.0,1863033.0,1723979.0,1518954.0
217,2006,8,6,1346949,1198565,1156202,1128565,1104234,1104427,1143542.0,1344169.0,1632126.0,1867197.0,2061896.0,2192165.0,2276628.0,2324670.0,2374541.0,2394698.0,2366130.0,2440794.0,2433186.0,2303671.0,2271999.0,2147418.0,1917464.0,1706676.0
218,2006,8,7,1563286,1489459,1428595,1398793,1408547,1513179,1621078.0,1695479.0,1793389.0,1946037.0,2147368.0,2328866.0,2419823.0,2559390.0,2613079.0,2651484.0,2712305.0,2753678.0,2745113.0,2699635.0,2706798.0,2677283.0,2384855.0,2033436.0
219,2006,8,8,1846797,1730244,1673403,1594087,1579968,1611890,1765103.0,1827908.0,1909842.0,2004893.0,2114856.0,2174426.0,2225229.0,2297259.0,2295064.0,2349854.0,2350509.0,2413467.0,2448283.0,2368623.0,2350257.0,2215230.0,1912862.0,1641421.0
220,2006,8,9,1529446,1411226,1347743,1314569,1320489,1378784,1481664.0,1585619.0,1673161.0,1777635.0,1899520.0,2022264.0,2115989.0,2177809.0,2172632.0,2220124.0,2250693.0,2264998.0,2340112.0,2244645.0,2186671.0,2089793.0,1882159.0,1673197.0
221,2006,8,10,1505871,1404764,1336938,1314329,1332428,1402117,1527618.0,1620741.0,1683793.0,1741456.0,1813237.0,1835545.0,1829859.0,1873253.0,1822576.0,1866867.0,1933061.0,2012516.0,2109836.0,2060865.0,2060206.0,1987866.0,1809524.0,1620396.0
222,2006,8,11,1466047,1385925,1319952,1297002,1299008,1370263,1473791.0,1569282.0,1626421.0,1694188.0,1775944.0,1844779.0,1901700.0,1937708.0,1959524.0,1944204.0,1980149.0,2065731.0,2007539.0,1901289.0,1852379.0,1782678.0,1621092.0,1455821.0
223,2006,8,12,1308231,1212890,1154438,1119540,1118700,1133612,1165653.0,1255590.0,1400522.0,1514602.0,1611757.0,1682264.0,1746625.0,1804348.0,1856011.0,1920300.0,1969302.0,1997532.0,1953521.0,1837534.0,1778809.0,1702180.0,1544105.0,1363415.0
224,2006,8,13,1214831,1113794,1055568,1021542,1018546,1026470,1044573.0,1144717.0,1316164.0,1468187.0,1557421.0,1634727.0,1718020.0,1817455.0,1895549.0,1969706.0,2055041.0,2103772.0,2070035.0,1971688.0,1941228.0,1860089.0,1647432.0,1456759.0
225,2006,8,14,1290596,1204915,1160506,1136375,1165446,1241960,1368325.0,1467848.0,1562940.0,1695717.0,1841183.0,2000970.0,2104752.0,2199727.0,2216792.0,2284139.0,2340017.0,2377005.0,2448559.0,2380842.0,2344272.0,2225993.0,2011766.0,1789936.0
226,2006,8,15,1632228,1538442,1476623,1449926,1450180,1523242,1647816.0,1754851.0,1838873.0,1928815.0,2038864.0,2138670.0,2159117.0,2206786.0,2178286.0,2242639.0,2312438.0,2345070.0,2383942.0,2285544.0,2240856.0,2123166.0,1899834.0,1690854.0
227,2006,8,16,1525435,1412284,1341075,1286139,1290885,1358682,1486429.0,1578807.0,1670725.0,1800564.0,1929055.0,2050372.0,2121952.0,2199702.0,2209266.0,2287097.0,2342421.0,2362575.0,2405484.0,2290087.0,2208871.0,2072576.0,1852167.0,1608688.0
228,2006,8,17,1437404,1325447,1267614,1231398,1239241,1305123,1419549.0,1493737.0,1591873.0,1715261.0,1853785.0,2002022.0,2077622.0,2150665.0,2147462.0,2220906.0,2264262.0,2269068.0,2317101.0,2223184.0,2174562.0,2006596.0,1835806.0,1625467.0
229,2006,8,18,1452095,1351989,1289696,1255428,1254350,1310854,1434763.0,1529001.0,1623352.0,1743733.0,1871786.0,1985432.0,2061972.0,2117327.0,2193766.0,2215396.0,2266573.0,2356603.0,2297922.0,2165705.0,2134660.0,2054541.0,1882133.0,1694289.0
230,2006,8,19,1543311,1420549,1342915,1291425,1272556,1283617,1320370.0,1416243.0,1601478.0,1782550.0,1961486.0,2110629.0,2240376.0,2319539.0,2340790.0,2372120.0,2393427.0,2428766.0,2372783.0,2266777.0,2246096.0,2143285.0,1977348.0,1800390.0
231,2006,8,20,1643109,1531683,1458138,1404743,1380903,1361228,1383945.0,1478705.0,1699152.0,1925691.0,2081865.0,2205981.0,2322489.0,2384698.0,2417563.0,2447370.0,2466482.0,2470881.0,2448916.0,2376449.0,2366725.0,2224881.0,1998857.0,1772274.0
232,2006,8,21,1602220,1478651,1401112,1348180,1342380,1406193,1522794.0,1607286.0,1700421.0,1791549.0,1889826.0,1996411.0,2059322.0,2138590.0,2154036.0,2238849.0,2313708.0,2347420.0,2408734.0,2323086.0,2259472.0,2098433.0,1848520.0,1619347.0
233,2006,8,22,1453774,1349665,1286666,1254315,1262477,1336178,1468102.0,1555195.0,1626360.0,1738047.0,1873462.0,1977656.0,2066462.0,2173638.0,2188371.0,2248325.0,2294670.0,2317172.0,2368683.0,2270456.0,2277183.0,2147242.0,1891571.0,1659584.0
234,2006,8,23,1488723,1387871,1324715,1287815,1297399,1377532,1515665.0,1593153.0,1672729.0,1797473.0,1952794.0,2096260.0,2223802.0,2287030.0,2262852.0,2322941.0,2384737.0,2402454.0,2430068.0,2346787.0,2301505.0,2155259.0,1911021.0,1677741.0
235,2006,8,24,1505719,1407050,1337233,1302222,1303069,1377088,1508812.0,1591713.0,1652925.0,1780893.0,1939966.0,2079872.0,2203989.0,2279473.0,2282076.0,2343143.0,2361711.0,2329524.0,2359518.0,2310018.0,2282527.0,2143561.0,1915070.0,1698359.0
236,2006,8,25,1532961,1432828,1358309,1317443,1319068,1393320,1534504.0,1614634.0,1698357.0,1830072.0,1990850.0,2160014.0,2299705.0,2394727.0,2473521.0,2475146.0,2510989.0,2575163.0,2516348.0,2418095.0,2370573.0,2205922.0,2003319.0,1790927.0
237,2006,8,26,1615814,1489259,1409655,1362853,1334096,1336327,1378776.0,1475254.0,1663598.0,1852901.0,2036742.0,2200735.0,2312443.0,2384975.0,2445410.0,2463975.0,2478338.0,2400065.0,2299568.0,2234978.0,2200317.0,2094079.0,1915437.0,1733840.0
238,2006,8,27,1577509,1469862,1394224,1347013,1320595,1308972,1330387.0,1422384.0,1621204.0,1807272.0,1947974.0,2077907.0,2210661.0,2284465.0,2317710.0,2312157.0,2303679.0,2297792.0,2257446.0,2227544.0,2239346.0,2096402.0,1889643.0,1699051.0
239,2006,8,28,1569499,1480620,1438111,1406606,1424168,1511577,1700505.0,1775777.0,1849750.0,1984469.0,2144971.0,2276987.0,2360927.0,2439977.0,2441104.0,2493895.0,2526086.0,2498647.0,2548359.0,2494466.0,2428970.0,2250616.0,2010491.0,1790337.0
240,2006,8,29,1638928,1542315,1481019,1449982,1464095,1560080,1742893.0,1817896.0,1855072.0,1964136.0,2133541.0,2308718.0,2437131.0,2514370.0,2512163.0,2554283.0,2602425.0,2616993.0,2657933.0,2593594.0,2573574.0,2389587.0,2123239.0,1882447.0
241,2006,8,30,1718748,1613942,1548712,1507076,1507976,1600163,1785305.0,1840268.0,1829867.0,1888530.0,1959210.0,2023771.0,2066649.0,2098950.0,2038739.0,2014254.0,1993215.0,1977525.0,2019274.0,2018328.0,2007856.0,1883354.0,1695385.0,1511091.0
242,2006,8,31,1393428,1319394,1277465,1276713,1293666,1387489,1574177.0,1644160.0,1629531.0,1640682.0,1662220.0,1680067.0,1676552.0,1669633.0,1586488.0,1588294.0,1614392.0,1634667.0,1722395.0,1750174.0,1781231.0,1678506.0,1520200.0,1360840.0
243,2006,9,1,1244155,1183582,1148408,1127988,1146735,1235558,1383074.0,1464980.0,1488458.0,1506393.0,1532655.0,1520329.0,1492180.0,1467841.0,1423777.0,1354715.0,1361558.0,1461916.0,1479831.0,1499830.0,1500873.0,1424448.0,1309317.0,1199593.0
244,2006,9,2,1110326,1052011,1028132,1014165,1013676,1039755,1084103.0,1163298.0,1292712.0,1389020.0,1432762.0,1438230.0,1430094.0,1431320.0,1429809.0,1455964.0,1489405.0,1518033.0,1515142.0,1507976.0,1554105.0,1476073.0,1369205.0,1242243.0
245,2006,9,3,1129564,1045205,1001494,978323,973617,986653,1025002.0,1117971.0,1293362.0,1407089.0,1460878.0,1499373.0,1557317.0,1598206.0,1640014.0,1672589.0,1691617.0,1703102.0,1678564.0,1657744.0,1676792.0,1581256.0,1436646.0,1294807.0
246,2006,9,4,1170240,1090445,1045723,1017406,1005822,1014316,1050826.0,1123916.0,1257984.0,1404594.0,1508334.0,1562271.0,1587949.0,1584878.0,1568885.0,1558998.0,1510880.0,1514953.0,1614254.0,1654961.0,1692214.0,1567763.0,1395396.0,1236253.0
247,2006,9,5,1126633,1069229,1047031,1040905,1066547,1186937,1426028.0,1500180.0,1488993.0,1508497.0,1519793.0,1527554.0,1535873.0,1540521.0,1461814.0,1460356.0,1511944.0,1559950.0,1654613.0,1665630.0,1676239.0,1567970.0,1391912.0,1231555.0
248,2006,9,6,1129513,1071056,1084904,1083437,1105607,1182786,1386149.0,1435705.0,1409948.0,1415102.0,1454029.0,1483807.0,1527875.0,1508445.0,1549622.0,1601156.0,1662713.0,1765943.0,1763337.0,1773803.0,1846524.0,1720436.0,1525424.0,1335545.0
249,2006,9,7,1212049,1149416,1112784,1111797,1144196,1245539,1459493.0,1486321.0,1462212.0,1460174.0,1527718.0,1582859.0,1649084.0,1726034.0,1738732.0,1808298.0,1832003.0,1845413.0,1924737.0,1901296.0,1935081.0,1792217.0,1578683.0,1397402.0
250,2006,9,8,1268668,1196320,1157047,1139082,1164511,1265116,1449448.0,1524120.0,1501108.0,1545262.0,1600903.0,1676324.0,1751129.0,1819757.0,1769001.0,1722848.0,1725706.0,1759127.0,1859579.0,1812528.0,1821510.0,1712327.0,1569724.0,1408689.0
251,2006,9,9,1274071,1184308,1117475,1093263,1085358,1117310,1170579.0,1258588.0,1382919.0,1496178.0,1594592.0,1686659.0,1774823.0,1851102.0,1899393.0,1911608.0,1885835.0,1864210.0,1833094.0,1843674.0,1823488.0,1695376.0,1541405.0,1382928.0
252,2006,9,10,1240271,1143238,1087978,1056179,1046899,1055978,1098031.0,1186351.0,1345249.0,1475646.0,1572478.0,1653901.0,1745727.0,1818082.0,1864667.0,1903067.0,1906612.0,1904397.0,1875689.0,1860716.0,1884632.0,1733266.0,1539092.0,1354784.0
253,2006,9,11,1220542,1150808,1120054,1110735,1139759,1240247,1456559.0,1523561.0,1496191.0,1514839.0,1534200.0,1499188.0,1495407.0,1415518.0,1414085.0,1411874.0,1469896.0,1586784.0,1634226.0,1685007.0,1696881.0,1582971.0,1429704.0,1276044.0
254,2006,9,12,1172800,1124199,1095845,1093891,1121059,1231904,1444258.0,1504593.0,1467042.0,1472906.0,1471976.0,1473086.0,1474577.0,1480432.0,1418217.0,1403374.0,1435472.0,1562866.0,1591462.0,1659450.0,1611769.0,1566732.0,1402527.0,1251215.0
255,2006,9,13,1148102,1095120,1063473,1056681,1083495,1196237,1424832.0,1473185.0,1431043.0,1435362.0,1439196.0,1445471.0,1442973.0,1443285.0,1433817.0,1419767.0,1420503.0,1539290.0,1581315.0,1652122.0,1592906.0,1562076.0,1410823.0,1251273.0
256,2006,9,14,1157697,1109783,1079525,1078778,1102761,1214456,1443673.0,1504762.0,1475006.0,1477147.0,1494935.0,1503569.0,1498491.0,1512780.0,1513643.0,1461484.0,1502563.0,1611220.0,1631166.0,1620201.0,1657750.0,1626249.0,1458406.0,1290363.0
257,2006,9,15,1181330,1121316,1095240,1097072,1116056,1217981,1433754.0,1477510.0,1454722.0,1470342.0,1497487.0,1512954.0,1529577.0,1553505.0,1509212.0,1526627.0,1631965.0,1648653.0,1634439.0,1561209.0,1570246.0,1550428.0,1441128.0,1307940.0
258,2006,9,16,1203395,1132190,1084664,1071247,1074485,1111507,1182458.0,1277370.0,1392745.0,1479067.0,1520181.0,1529115.0,1530799.0,1525634.0,1524353.0,1533935.0,1552801.0,1562875.0,1553274.0,1583517.0,1599439.0,1506679.0,1389151.0,1250552.0
259,2006,9,17,1133479,1059629,1024135,993785,994390,1006683,1069244.0,1164234.0,1331061.0,1458383.0,1528616.0,1578919.0,1654811.0,1721229.0,1767947.0,1807259.0,1837850.0,1879351.0,1848806.0,1869181.0,1865290.0,1694966.0,1504736.0,1318502.0
260,2006,9,18,1184276,1113122,1077845,1070230,1094620,1210940,1437596.0,1488850.0,1488396.0,1552057.0,1632535.0,1713106.0,1806006.0,1895632.0,1947423.0,1888828.0,1891575.0,1980467.0,1988038.0,1925436.0,1933785.0,1820796.0,1604876.0,1403662.0
261,2006,9,19,1273103,1202683,1165760,1153753,1177691,1285615,1512265.0,1574208.0,1553915.0,1585683.0,1633097.0,1690998.0,1734525.0,1775724.0,1791374.0,1742910.0,1789546.0,1885547.0,1877979.0,1815119.0,1795595.0,1718781.0,1525309.0,1323485.0
262,2006,9,20,1194507,1131541,1098795,1085275,1110244,1217622,1444182.0,1490460.0,1449942.0,1445039.0,1452940.0,1463702.0,1393025.0,1401724.0,1470401.0,1478944.0,1505934.0,1535437.0,1549283.0,1564653.0,1584113.0,1539691.0,1371399.0,1219630.0
263,2006,9,21,1122329,1068364,1052358,1054636,1090697,1219327,1460485.0,1515453.0,1439620.0,1426724.0,1420077.0,1410474.0,1409819.0,1419335.0,1417102.0,1426866.0,1397277.0,1497053.0,1525154.0,1553110.0,1569637.0,1521908.0,1368850.0,1221741.0
264,2006,9,22,1126277,1080090,1058850,1062670,1093788,1215401,1457595.0,1514813.0,1462372.0,1450563.0,1445666.0,1413676.0,1396811.0,1383368.0,1376676.0,1380187.0,1337829.0,1431482.0,1459388.0,1464211.0,1452172.0,1446619.0,1346100.0,1227331.0
265,2006,9,23,1126124,1062330,1033102,1019188,1021698,1066653,1142379.0,1244180.0,1353713.0,1433660.0,1466123.0,1488743.0,1499331.0,1517068.0,1533348.0,1569531.0,1612751.0,1649359.0,1651412.0,1717777.0,1712234.0,1618779.0,1496791.0,1362986.0
266,2006,9,24,1256982,1195819,1150130,1140836,1129843,1151571,1200223.0,1297732.0,1481109.0,1626048.0,1694199.0,1748098.0,1790152.0,1799557.0,1778315.0,1768848.0,1768340.0,1773271.0,1764918.0,1829246.0,1803764.0,1656457.0,1472431.0,1305093.0
267,2006,9,25,1191123,1123264,1090885,1078492,1104900,1219384,1435717.0,1495177.0,1473485.0,1479174.0,1503524.0,1524884.0,1536939.0,1558745.0,1576744.0,1540229.0,1598400.0,1695638.0,1698665.0,1694902.0,1677667.0,1600497.0,1421978.0,1241630.0
268,2006,9,26,1138352,1072032,1040266,1038279,1071811,1195592,1431133.0,1490258.0,1438610.0,1433691.0,1445481.0,1461068.0,1400669.0,1429280.0,1522842.0,1537616.0,1572934.0,1606453.0,1632963.0,1652427.0,1632042.0,1564043.0,1391353.0,1221184.0
269,2006,9,27,1133531,1092076,1068278,1067104,1094095,1211103,1441525.0,1481569.0,1416796.0,1418460.0,1432689.0,1460447.0,1472718.0,1496376.0,1452065.0,1473837.0,1585123.0,1608078.0,1615668.0,1643767.0,1624779.0,1560100.0,1388805.0,1217339.0
270,2006,9,28,1113738,1068609,1044085,1041269,1074829,1203527,1430016.0,1486403.0,1427936.0,1434603.0,1467493.0,1489894.0,1509345.0,1450830.0,1471895.0,1573493.0,1591358.0,1618388.0,1646351.0,1640224.0,1594822.0,1533615.0,1388051.0,1238880.0
271,2006,9,29,1141413,1095926,1056768,1056101,1085823,1204357,1434861.0,1482990.0,1432280.0,1423869.0,1420799.0,1340272.0,1404438.0,1385887.0,1378145.0,1376094.0,1404203.0,1427400.0,1444662.0,1440198.0,1430989.0,1435316.0,1337311.0,1218420.0
272,2006,9,30,1121119,1071900,1040684,1039412,1049232,1095733,1186306.0,1311537.0,1433636.0,1484702.0,1481993.0,1455876.0,1398350.0,1358864.0,1316310.0,1306303.0,1309589.0,1326828.0,1356488.0,1450538.0,1425131.0,1364307.0,1256973.0,1150481.0
273,2006,10,1,1053330,996809,969947,961572,967368,996164,1065502.0,1184685.0,1331860.0,1416232.0,1409014.0,1344546.0,1335850.0,1336951.0,1357326.0,1388842.0,1420968.0,1444378.0,1481529.0,1585110.0,1576907.0,1455664.0,1300405.0,1155568.0
274,2006,10,2,1063058,1017902,1001650,1011134,1061386,1202024,1451173.0,1523312.0,1454091.0,1437559.0,1432379.0,1435261.0,1365764.0,1370658.0,1455361.0,1487266.0,1530872.0,1566014.0,1572481.0,1583015.0,1550107.0,1509532.0,1376068.0,1226045.0
275,2006,10,3,1132651,1084860,1069090,1077072,1106148,1234385,1469589.0,1517372.0,1448635.0,1425091.0,1400805.0,1418738.0,1453295.0,1512419.0,1550042.0,1511104.0,1549212.0,1618519.0,1628790.0,1671696.0,1734142.0,1644726.0,1465968.0,1298739.0
276,2006,10,4,1193911,1136602,1102143,1100294,1128218,1246409,1476976.0,1524543.0,1471209.0,1480209.0,1512789.0,1570076.0,1621632.0,1687879.0,1671122.0,1692285.0,1732629.0,1829396.0,1868958.0,1826094.0,1819900.0,1745362.0,1555872.0,1370428.0
277,2006,10,5,1256903,1182757,1139193,1128512,1151558,1259198,1480889.0,1536402.0,1486343.0,1487915.0,1490499.0,1421885.0,1413902.0,1412771.0,1473902.0,1466581.0,1504261.0,1544590.0,1611024.0,1618589.0,1587707.0,1533697.0,1382273.0,1230764.0
278,2006,10,6,1137256,1082353,1053934,1058957,1087810,1197046,1419437.0,1521984.0,1490294.0,1488147.0,1490224.0,1487211.0,1395465.0,1385486.0,1451195.0,1465364.0,1515444.0,1572531.0,1639536.0,1597663.0,1541656.0,1540668.0,1436669.0,1320463.0
279,2006,10,7,1226776,1162060,1129869,1122067,1134906,1176516,1246203.0,1357398.0,1490038.0,1588943.0,1619917.0,1614596.0,1579451.0,1544172.0,1512055.0,1513743.0,1528175.0,1555288.0,1588050.0,1614399.0,1567501.0,1484531.0,1378074.0,1265955.0
280,2006,10,8,1170498,1099271,1069784,1055651,1059685,1091230,1169925.0,1276391.0,1414151.0,1483087.0,1471154.0,1432250.0,1411718.0,1379916.0,1358244.0,1345177.0,1357310.0,1372217.0,1430354.0,1563906.0,1556064.0,1452708.0,1317005.0,1190394.0
281,2006,10,9,1101570,1062378,1048671,1057156,1103756,1228851,1453503.0,1552511.0,1539675.0,1527738.0,1516944.0,1505341.0,1409638.0,1414928.0,1418108.0,1429637.0,1455806.0,1571975.0,1611136.0,1658671.0,1607771.0,1550504.0,1369378.0,1208343.0
282,2006,10,10,1109718,1054749,1046866,1061340,1101131,1238954,1479596.0,1553460.0,1460323.0,1446169.0,1444317.0,1457080.0,1471740.0,1498909.0,1520908.0,1477398.0,1508342.0,1533631.0,1588776.0,1688356.0,1632035.0,1576243.0,1397875.0,1239213.0
283,2006,10,11,1136123,1087497,1061210,1057719,1089717,1199131,1439182.0,1511905.0,1454195.0,1443477.0,1454216.0,1447343.0,1445703.0,1438776.0,1428542.0,1435659.0,1466971.0,1518171.0,1591123.0,1599946.0,1559435.0,1528073.0,1363392.0,1214597.0
284,2006,10,12,1120232,1072381,1068528,1059930,1074313,1166400,1379809.0,1442082.0,1306419.0,1311354.0,1317585.0,1317264.0,1308955.0,1304084.0,1299528.0,1307758.0,1322828.0,1360021.0,1441379.0,1545509.0,1511774.0,1412104.0,1353350.0,1222152.0
285,2006,10,13,1135270,1110152,1100925,1134421,1195952,1353008,1627256.0,1761812.0,1669259.0,1580899.0,1523834.0,1461162.0,1411242.0,1371409.0,1344308.0,1325393.0,1346350.0,1396219.0,1482832.0,1589549.0,1588148.0,1553576.0,1564749.0,1473197.0
286,2006,10,14,1390451,1358436,1345765,1357293,1386666,1456571,1577248.0,1647694.0,1714380.0,1658092.0,1556484.0,1532780.0,1452024.0,1395272.0,1358145.0,1340364.0,1350002.0,1317661.0,1404044.0,1514235.0,1504493.0,1543757.0,1478742.0,1396864.0
287,2006,10,15,1325872,1313062,1312961,1340783,1380892,1445436,1555006.0,1636952.0,1750565.0,1689329.0,1572337.0,1531107.0,1474836.0,1419295.0,1372713.0,1350316.0,1366376.0,1346277.0,1446978.0,1580210.0,1575287.0,1556197.0,1438559.0,1329873.0
288,2006,10,16,1276401,1261737,1283201,1311915,1380881,1538897,1809007.0,1820799.0,1713898.0,1615179.0,1546061.0,1490884.0,1430504.0,1472378.0,1446386.0,1435692.0,1413042.0,1481952.0,1617616.0,1714819.0,1667294.0,1612948.0,1439194.0,1297238.0
289,2006,10,17,1224682,1184295,1170806,1180177,1224585,1353012,1516429.0,1596312.0,1532972.0,1528206.0,1535740.0,1530301.0,1516630.0,1502482.0,1483624.0,1544121.0,1581440.0,1653635.0,1658783.0,1682614.0,1611109.0,1569049.0,1399731.0,1256899.0
290,2006,10,18,1169322,1124334,1100106,1115636,1164989,1287711,1519216.0,1593246.0,1514393.0,1410880.0,1389120.0,1378944.0,1372697.0,1392577.0,1398766.0,1412165.0,1457875.0,1491891.0,1578410.0,1680679.0,1629132.0,1588994.0,1420038.0,1263182.0
291,2006,10,19,1153049,1099901,1072909,1076898,1112438,1224417,1444665.0,1530061.0,1480319.0,1384530.0,1384170.0,1378692.0,1369028.0,1377150.0,1369738.0,1383807.0,1418018.0,1473413.0,1586851.0,1646331.0,1601497.0,1494249.0,1408878.0,1256356.0
292,2006,10,20,1143918,1090530,1061701,1060180,1090295,1210125,1445181.0,1542323.0,1424768.0,1434560.0,1423347.0,1410428.0,1402849.0,1380773.0,1350182.0,1336520.0,1356434.0,1382028.0,1454521.0,1516616.0,1481887.0,1491163.0,1399957.0,1289534.0
293,2006,10,21,1214045,1174048,1162057,1171450,1197592,1275173,1385902.0,1520003.0,1622376.0,1607406.0,1543686.0,1467681.0,1396541.0,1356264.0,1324132.0,1313198.0,1322782.0,1361011.0,1449348.0,1540461.0,1516722.0,1488269.0,1411072.0,1323288.0
294,2006,10,22,1256038,1235070,1229274,1239412,1268627,1320947,1413765.0,1527939.0,1659555.0,1704541.0,1644642.0,1569318.0,1523254.0,1477544.0,1431740.0,1406565.0,1417774.0,1486650.0,1572332.0,1651851.0,1605011.0,1491380.0,1356001.0,1238607.0
295,2006,10,23,1158547,1141694,1142709,1175842,1245231,1414678,1691753.0,1795678.0,1739465.0,1613284.0,1574591.0,1554683.0,1520562.0,1575262.0,1570259.0,1601374.0,1686457.0,1716143.0,1879569.0,1957333.0,1923233.0,1885009.0,1731850.0,1600424.0
296,2006,10,24,1528555,1500505,1504038,1517293,1590443,1748228,1988493.0,1970257.0,1863975.0,1767718.0,1705496.0,1679557.0,1709794.0,1687979.0,1655518.0,1659101.0,1682086.0,1757151.0,1863614.0,1949335.0,1956221.0,1934997.0,1774584.0,1636325.0
297,2006,10,25,1562117,1539652,1532466,1549023,1603743,1741550,1900814.0,1959338.0,1834417.0,1735815.0,1669845.0,1606675.0,1548536.0,1575287.0,1544117.0,1539791.0,1596650.0,1694526.0,1787991.0,1885063.0,1871627.0,1791518.0,1734126.0,1599943.0
298,2006,10,26,1535829,1540918,1557165,1595015,1674911,1832079,2024122.0,2086374.0,1959811.0,1835605.0,1715535.0,1611442.0,1542455.0,1487775.0,1515352.0,1493216.0,1534128.0,1606239.0,1696924.0,1792089.0,1769603.0,1678942.0,1612338.0,1473680.0
299,2006,10,27,1389199,1352164,1340944,1354561,1397940,1534940,1691332.0,1769328.0,1704519.0,1679990.0,1646062.0,1613616.0,1592877.0,1653984.0,1644533.0,1662514.0,1728480.0,1800767.0,1804639.0,1778191.0,1714779.0,1629935.0,1588097.0,1451394.0
300,2006,10,28,1334506,1255731,1210272,1196436,1200729,1231883,1305923.0,1400711.0,1511342.0,1564798.0,1554753.0,1515206.0,1471524.0,1419978.0,1401285.0,1396012.0,1413893.0,1470649.0,1581899.0,1632550.0,1603250.0,1569235.0,1500384.0,1413962.0
301,2006,10,29,1351779,1298228,1292245,1305765,1341332,1436101,1541641.0,1682385.0,1737120.0,1691921.0,1592099.0,1511382.0,1459954.0,1425529.0,1384658.0,1376921.0,1426428.0,1580641.0,1675893.0,1689236.0,1645514.0,1551897.0,1441031.0,1336132.0
302,2006,10,30,1288504,1290173,1307506,1343578,1428205,1610160,1883627.0,1818580.0,1660554.0,1618122.0,1536809.0,1482186.0,1438760.0,1420350.0,1402195.0,1397868.0,1448903.0,1597331.0,1710547.0,1625429.0,1575497.0,1546585.0,1400576.0,1280138.0
303,2006,10,31,1208803,1180826,1181083,1201265,1269086,1428540,1680152.0,1627521.0,1503505.0,1508381.0,1465799.0,1430110.0,1411005.0,1400928.0,1388016.0,1400148.0,1447184.0,1563708.0,1499989.0,1453178.0,1521299.0,1469501.0,1336116.0,1212642.0
304,2006,11,1,1141870,1106034,1090142,1097156,1143897,1280494,1522731.0,1482495.0,1479142.0,1436837.0,1391789.0,1366963.0,1358404.0,1380985.0,1421681.0,1421561.0,1468826.0,1509065.0,1579022.0,1554640.0,1570128.0,1479845.0,1333268.0,1213375.0
305,2006,11,2,1136360,1094342,1076660,1086899,1137678,1291760,1468270.0,1538369.0,1488576.0,1471434.0,1451042.0,1417069.0,1461919.0,1434401.0,1428065.0,1432552.0,1495171.0,1616336.0,1734028.0,1758354.0,1750857.0,1764513.0,1667725.0,1552790.0
306,2006,11,3,1492125,1482022,1495591,1533719,1623011,1784439,1993347.0,1940986.0,1819910.0,1801525.0,1721122.0,1645888.0,1655161.0,1604186.0,1581108.0,1594762.0,1687644.0,1825495.0,1879358.0,1890744.0,1924734.0,1884367.0,1901452.0,1828240.0
307,2006,11,4,1775573,1751646,1762273,1800589,1861717,1945588,2059559.0,2116868.0,2052856.0,1964856.0,1840694.0,1750405.0,1669222.0,1604775.0,1573398.0,1598480.0,1676754.0,1846327.0,1897410.0,1903310.0,1898157.0,1870731.0,1861244.0,1792308.0
308,2006,11,5,1741192,1720041,1721846,1715685,1729778,1774249,1851524.0,1950021.0,1972148.0,1891579.0,1739219.0,1643846.0,1582543.0,1517602.0,1473463.0,1463157.0,1547366.0,1741592.0,1804043.0,1818285.0,1860547.0,1791901.0,1685291.0,1590693.0
309,2006,11,6,1541053,1520111,1531750,1560731,1627454,1740756,1882088.0,1876279.0,1785132.0,1725027.0,1721328.0,1647074.0,1587969.0,1555845.0,1515367.0,1504719.0,1582504.0,1730581.0,1828615.0,1836520.0,1790639.0,1783984.0,1658559.0,1553702.0
310,2006,11,7,1495799,1494496,1501810,1534560,1601403,1750594,1855601.0,1884322.0,1794506.0,1739950.0,1740235.0,1697774.0,1670354.0,1640456.0,1631910.0,1642903.0,1706905.0,1776372.0,1810470.0,1777114.0,1693436.0,1679922.0,1536189.0,1385857.0
311,2006,11,8,1302204,1255246,1235063,1226483,1253920,1341828,1484751.0,1528810.0,1446800.0,1497939.0,1485367.0,1466155.0,1443215.0,1430125.0,1422401.0,1439855.0,1517242.0,1592536.0,1643245.0,1621194.0,1558745.0,1532502.0,1395263.0,1268689.0
312,2006,11,9,1190972,1156948,1136443,1135404,1204078,1348544,1584236.0,1619981.0,1539186.0,1422898.0,1399081.0,1380888.0,1355334.0,1414372.0,1400971.0,1403743.0,1437691.0,1522034.0,1612267.0,1592683.0,1629404.0,1517076.0,1386741.0,1260434.0
313,2006,11,10,1176210,1140858,1129973,1140170,1201721,1332230,1561004.0,1624952.0,1552023.0,1499165.0,1394754.0,1360457.0,1341121.0,1404422.0,1389266.0,1381223.0,1409047.0,1480629.0,1518827.0,1467913.0,1414538.0,1408693.0,1327465.0,1218460.0
314,2006,11,11,1128736,1073671,1056803,1055286,1084031,1133950,1217999.0,1331973.0,1423896.0,1444319.0,1424687.0,1394105.0,1363853.0,1341036.0,1324122.0,1332015.0,1362900.0,1518667.0,1543187.0,1494642.0,1435372.0,1352693.0,1256381.0,1149664.0
315,2006,11,12,1060845,999227,973297,975027,985540,1027757,1120474.0,1281782.0,1477658.0,1590345.0,1608873.0,1605045.0,1597518.0,1616917.0,1619348.0,1643753.0,1690772.0,1762618.0,1779045.0,1777177.0,1754852.0,1640344.0,1496755.0,1364288.0
316,2006,11,13,1281155,1246324,1244836,1260095,1313666,1420445,1631025.0,1693956.0,1562394.0,1566640.0,1572833.0,1537185.0,1500431.0,1485131.0,1540584.0,1556581.0,1639463.0,1733641.0,1787686.0,1772218.0,1691794.0,1647504.0,1488653.0,1352146.0
317,2006,11,14,1262302,1225929,1212752,1222829,1275154,1410994,1641300.0,1619374.0,1533104.0,1473849.0,1434074.0,1399170.0,1363155.0,1397037.0,1387746.0,1398473.0,1475300.0,1593969.0,1675777.0,1668181.0,1609942.0,1582909.0,1448160.0,1306721.0
318,2006,11,15,1190071,1185311,1201476,1217372,1285647,1444838,1614164.0,1658527.0,1565873.0,1509720.0,1461859.0,1429424.0,1467203.0,1469984.0,1462318.0,1479580.0,1557040.0,1632975.0,1690600.0,1671364.0,1643265.0,1618591.0,1469908.0,1334287.0
319,2006,11,16,1243196,1199687,1174923,1180195,1199919,1307357,1529251.0,1525772.0,1470246.0,1459459.0,1458299.0,1479284.0,1491475.0,1450782.0,1413938.0,1427195.0,1422707.0,1569569.0,1632906.0,1626517.0,1582484.0,1551161.0,1412621.0,1281652.0
320,2006,11,17,1200709,1177351,1173297,1191818,1258885,1413216,1661985.0,1637358.0,1543908.0,1488254.0,1405397.0,1353327.0,1394313.0,1404952.0,1406716.0,1401523.0,1417657.0,1614994.0,1686681.0,1685184.0,1661114.0,1687821.0,1611260.0,1514781.0
321,2006,11,18,1444771,1420401,1418722,1444246,1490161,1536147,1605923.0,1720114.0,1800444.0,1773375.0,1716068.0,1629089.0,1538747.0,1479421.0,1440541.0,1456023.0,1551507.0,1749289.0,1801567.0,1791877.0,1775071.0,1711676.0,1630377.0,1540982.0
322,2006,11,19,1464732,1439350,1439404,1454784,1487177,1550341,1647334.0,1787589.0,1861891.0,1820644.0,1707788.0,1640477.0,1592767.0,1559917.0,1527974.0,1547095.0,1642638.0,1820829.0,1865904.0,1895680.0,1860163.0,1762241.0,1640719.0,1529492.0
323,2006,11,20,1463586,1450597,1466560,1431799,1507862,1648208,1864980.0,1918834.0,1854084.0,1794405.0,1698487.0,1641851.0,1604011.0,1588774.0,1585033.0,1605778.0,1730465.0,1918340.0,2008021.0,2022101.0,2040784.0,1927491.0,1777453.0,1725601.0
324,2006,11,21,1655881,1629971,1617667,1569321,1635633,1781405,2012941.0,2047854.0,1947034.0,1930146.0,1802739.0,1721869.0,1653451.0,1628461.0,1624902.0,1659170.0,1779598.0,1988800.0,2029956.0,2032311.0,2054392.0,1932653.0,1782182.0,1707647.0
325,2006,11,22,1409569,1372304,1349346,1340996,1382560,1498320,1702930.0,1772560.0,1743874.0,1740190.0,1727736.0,1723241.0,1707063.0,1719063.0,1731920.0,1751652.0,1822888.0,1948249.0,1966791.0,1950668.0,1892608.0,1793852.0,1655527.0,1515505.0
326,2006,11,23,1434575,1402597,1387985,1395965,1427776,1546974,1751281.0,1821205.0,1793597.0,1777390.0,1758048.0,1729073.0,1697542.0,1664258.0,1636448.0,1622436.0,1679705.0,1779503.0,1847880.0,1850481.0,1810053.0,1716288.0,1597633.0,1470217.0
327,2006,11,24,1403059,1329060,1333531,1354947,1384454,1528881,1701972.0,1827585.0,1773465.0,1648792.0,1562868.0,1489892.0,1438642.0,1397566.0,1385114.0,1383777.0,1428583.0,1569754.0,1709676.0,1754655.0,1752374.0,1725280.0,1697403.0,1587862.0
328,2006,11,25,1511062,1495592,1480760,1516095,1533505,1604000,1704197.0,1836113.0,1852127.0,1758859.0,1649472.0,1562402.0,1487356.0,1418168.0,1381701.0,1381253.0,1426414.0,1559469.0,1694240.0,1713254.0,1694693.0,1666574.0,1621440.0,1536875.0
329,2006,11,26,1473807,1447790,1448500,1452469,1472284,1532678,1622019.0,1746852.0,1854839.0,1797607.0,1646055.0,1518856.0,1436284.0,1394859.0,1357927.0,1354545.0,1397159.0,1551812.0,1654909.0,1714059.0,1723690.0,1664089.0,1562478.0,1463811.0
330,2006,11,27,1392049,1386175,1407687,1467238,1499210,1630669,1847749.0,1918972.0,1892602.0,1803409.0,1678228.0,1585256.0,1489870.0,1441802.0,1414367.0,1413883.0,1476708.0,1616552.0,1742836.0,1810234.0,1808529.0,1740966.0,1619694.0,1501453.0
331,2006,11,28,1433961,1404813,1414452,1439728,1514676,1654038,1873591.0,1952900.0,1897013.0,1771410.0,1621035.0,1529672.0,1447969.0,1416394.0,1393681.0,1407084.0,1461547.0,1598519.0,1730828.0,1778857.0,1774378.0,1686502.0,1558511.0,1415402.0
332,2006,11,29,1322301,1303752,1296719,1293686,1342257,1420766,1637793.0,1713843.0,1631081.0,1550398.0,1491745.0,1435839.0,1407441.0,1386593.0,1364152.0,1369905.0,1462759.0,1683354.0,1753539.0,1742169.0,1687637.0,1569384.0,1419514.0,1334766.0
333,2006,11,30,1239285,1196486,1181722,1195142,1251133,1322467,1565456.0,1612783.0,1515049.0,1453973.0,1414325.0,1391666.0,1375192.0,1329772.0,1312019.0,1334244.0,1431739.0,1618767.0,1691719.0,1689123.0,1638630.0,1517019.0,1359105.0,1268510.0
334,2006,12,1,1132892,1032663,1015641,1011218,1050799,1167308,1392672.0,1459387.0,1414121.0,1403485.0,1392372.0,1382617.0,1356153.0,1335404.0,1331021.0,1323600.0,1338238.0,1478739.0,1527325.0,1496460.0,1503262.0,1445047.0,1354768.0,1254717.0
335,2006,12,2,1246267,1213219,1209764,1237715,1298210,1330332,1468357.0,1624344.0,1711135.0,1686577.0,1611569.0,1534284.0,1469288.0,1417729.0,1387909.0,1409388.0,1528771.0,1723684.0,1740053.0,1724767.0,1732435.0,1715956.0,1632717.0,1608643.0
336,2006,12,3,1525978,1490672,1490631,1500577,1550893,1546625,1653945.0,1810560.0,1922111.0,1892027.0,1801553.0,1703110.0,1650385.0,1617291.0,1609340.0,1624259.0,1751814.0,1926768.0,1921447.0,1919933.0,1895309.0,1832471.0,1679924.0,1606423.0
337,2006,12,4,1524694,1505164,1501941,1505518,1556749,1749842,2051076.0,2164711.0,2068440.0,1996498.0,1936840.0,1873779.0,1812450.0,1777942.0,1756306.0,1779967.0,1910673.0,2216771.0,2345375.0,2371580.0,2375154.0,2301068.0,2134594.0,1977205.0
338,2006,12,5,1973094,1933652,1926860,1940930,1939992,2103230,2367080.0,2378500.0,2228205.0,2087039.0,1949458.0,1849486.0,1753892.0,1698070.0,1673017.0,1694361.0,1830721.0,2123589.0,2244757.0,2287049.0,2332412.0,2258018.0,2113207.0,1984834.0
339,2006,12,6,2005921,2005792,2028080,2068183,2078028,2253892,2508940.0,2495111.0,2316576.0,2104853.0,1930863.0,1812419.0,1701496.0,1637463.0,1592158.0,1594566.0,1738488.0,2017569.0,2110575.0,2109628.0,2061510.0,1947340.0,1762913.0,1572936.0
340,2006,12,7,1544068,1498082,1484882,1426185,1490979,1645033,1919481.0,1988936.0,1863780.0,1750573.0,1676029.0,1614956.0,1578730.0,1567022.0,1564040.0,1609332.0,1767522.0,2046385.0,2192346.0,2256300.0,2294388.0,2307655.0,2197271.0,2162631.0
341,2006,12,8,2120377,2130415,2134525,2106000,2176667,2344626,2603232.0,2622673.0,2485044.0,2372781.0,2262905.0,2174319.0,2083579.0,2022842.0,1974738.0,1982349.0,2119318.0,2360714.0,2408714.0,2439889.0,2433151.0,2394407.0,2315088.0,2276783.0
342,2006,12,9,2243209,2226364,2230144,2270385,2324571,2407136,2515257.0,2638568.0,2574361.0,2472986.0,2327992.0,2143445.0,2035300.0,1907633.0,1832985.0,1837495.0,1886803.0,2134338.0,2187058.0,2194707.0,2178064.0,2133216.0,2107319.0,1994893.0
343,2006,12,10,1906454,1866778,1856191,1859951,1886482,1908947,1974347.0,2104120.0,2114457.0,2038488.0,1850645.0,1698537.0,1666486.0,1586743.0,1525523.0,1514388.0,1555165.0,1819093.0,1897014.0,1937606.0,1933076.0,1858349.0,1801302.0,1678789.0
344,2006,12,11,1624894,1607373,1619786,1652220,1668861,1811148,2060262.0,2139035.0,2011654.0,1854986.0,1711095.0,1621526.0,1545242.0,1489112.0,1434763.0,1450196.0,1550081.0,1845645.0,1976891.0,2009140.0,1999361.0,1930782.0,1781793.0,1648910.0
345,2006,12,12,1660000,1657323,1673204,1709773,1724471,1910945,2190406.0,2233300.0,2048809.0,1849914.0,1708967.0,1602426.0,1533724.0,1493786.0,1461737.0,1489185.0,1606263.0,1885649.0,2009046.0,2024198.0,1995914.0,1893316.0,1722110.0,1547993.0
346,2006,12,13,1520373,1472153,1455421,1443997,1373160,1517674,1754288.0,1825598.0,1739203.0,1676461.0,1620594.0,1558432.0,1490712.0,1440033.0,1408904.0,1412021.0,1509303.0,1771829.0,1853120.0,1869966.0,1861685.0,1781599.0,1633958.0,1484556.0
347,2006,12,14,1469817,1435088,1434761,1461531,1455878,1628420,1881851.0,1971892.0,1872816.0,1714567.0,1601865.0,1515559.0,1469361.0,1435763.0,1383990.0,1379621.0,1463206.0,1746560.0,1874249.0,1898528.0,1884086.0,1798080.0,1646065.0,1485249.0
348,2006,12,15,1468239,1432486,1427141,1445444,1444216,1591379,1849093.0,1921176.0,1807440.0,1697077.0,1594683.0,1521121.0,1458900.0,1399198.0,1368906.0,1372573.0,1467219.0,1696129.0,1750668.0,1738070.0,1711446.0,1655416.0,1565129.0,1434288.0
349,2006,12,16,1420925,1380020,1383275,1409895,1461706,1565146,1677460.0,1825943.0,1906700.0,1862430.0,1765024.0,1640885.0,1547386.0,1474869.0,1450941.0,1465745.0,1578868.0,1795978.0,1863442.0,1865375.0,1870630.0,1851170.0,1788204.0,1693544.0
350,2006,12,17,1616877,1579359,1572776,1578369,1605732,1652276,1721850.0,1859083.0,1939098.0,1861757.0,1721500.0,1580655.0,1507726.0,1457593.0,1413667.0,1407676.0,1510786.0,1738017.0,1792980.0,1795466.0,1773694.0,1668826.0,1517482.0,1364319.0
351,2006,12,18,1267281,1230141,1231615,1251418,1326934,1482255,1676118.0,1757886.0,1670173.0,1582717.0,1576249.0,1508491.0,1479625.0,1457777.0,1439395.0,1437723.0,1452278.0,1698561.0,1786912.0,1790894.0,1740540.0,1639075.0,1535240.0,1361576.0
352,2006,12,19,1270104,1231154,1229464,1260572,1337026,1501011,1769481.0,1801824.0,1730056.0,1668766.0,1619734.0,1569413.0,1589355.0,1565324.0,1540674.0,1549150.0,1581380.0,1859769.0,1994681.0,2029959.0,2050530.0,2097100.0,1955552.0,1816669.0
353,2006,12,20,1736844,1721204,1738364,1782600,1881372,2070602,2295390.0,2379595.0,2233786.0,2036535.0,1875561.0,1830424.0,1726353.0,1669141.0,1640735.0,1641902.0,1708527.0,1981194.0,2079920.0,2110910.0,2111311.0,2023003.0,1972651.0,1810548.0
354,2006,12,21,1700797,1659323,1635425,1637296,1676054,1775510,1890255.0,1960801.0,1916970.0,1887187.0,1854215.0,1856073.0,1787342.0,1743633.0,1730710.0,1739254.0,1768151.0,1958185.0,2002614.0,1986131.0,1944445.0,1831497.0,1735568.0,1572224.0
355,2006,12,22,1453983,1388385,1363936,1368002,1405766,1518515,1619782.0,1742101.0,1763687.0,1777534.0,1756052.0,1780566.0,1731162.0,1707914.0,1698412.0,1711850.0,1735303.0,1850323.0,1844421.0,1794331.0,1728412.0,1641077.0,1576458.0,1423527.0
356,2006,12,23,1301569,1217519,1175526,1153831,1167170,1214720,1286031.0,1398205.0,1519767.0,1591597.0,1594714.0,1540229.0,1474752.0,1418941.0,1379389.0,1376694.0,1422414.0,1636464.0,1693150.0,1694952.0,1692628.0,1669579.0,1603992.0,1515061.0
357,2006,12,24,1415234,1368913,1373367,1388589,1416642,1470738,1581609.0,1750489.0,1891205.0,1861979.0,1738356.0,1620574.0,1548391.0,1488583.0,1441754.0,1428815.0,1490791.0,1688480.0,1752447.0,1751988.0,1790859.0,1801576.0,1761467.0,1673104.0
358,2006,12,25,1590111,1544151,1520009,1518393,1536416,1580089,1662724.0,1781732.0,1870848.0,1898384.0,1884322.0,1859465.0,1824188.0,1765265.0,1713451.0,1689112.0,1702464.0,1764132.0,1759416.0,1741073.0,1706460.0,1640058.0,1528355.0,1400306.0
359,2006,12,26,1294179,1243295,1228425,1237489,1267053,1340885,1426695.0,1457514.0,1601597.0,1648813.0,1668391.0,1639554.0,1581420.0,1553790.0,1531371.0,1548376.0,1650691.0,1783984.0,1846225.0,1861821.0,1892530.0,1807790.0,1694888.0,1556783.0
360,2006,12,27,1476502,1438349,1430260,1463223,1515465,1632572,1785704.0,1896650.0,1927180.0,1911133.0,1890839.0,1827137.0,1744004.0,1672153.0,1631101.0,1623199.0,1743308.0,1956296.0,2075046.0,2087638.0,2067024.0,2067650.0,1960376.0,1831537.0
361,2006,12,28,1768065,1747057,1763710,1794860,1857286,1975080,2119446.0,2199279.0,2181208.0,2051699.0,1902992.0,1782258.0,1686305.0,1632949.0,1625307.0,1631754.0,1698279.0,1838047.0,1921822.0,1918785.0,1893558.0,1923025.0,1803742.0,1676290.0
362,2006,12,29,1614813,1602527,1610139,1645134,1718454,1852406,2023924.0,2129558.0,2118317.0,1994393.0,1861504.0,1734664.0,1633877.0,1551633.0,1496788.0,1487641.0,1576544.0,1761371.0,1858865.0,1866162.0,1879468.0,1887823.0,1809782.0,1702988.0
363,2006,12,30,1643673,1610115,1614621,1639840,1683719,1754145,1848527.0,1962269.0,2025281.0,1969828.0,1853188.0,1725457.0,1598354.0,1508119.0,1443566.0,1438863.0,1524402.0,1676571.0,1742944.0,1728200.0,1714982.0,1739825.0,1661550.0,1554394.0
364,2006,12,31,1479262,1436407,1433380,1454802,1475000,1519280,1582337.0,1675748.0,1797488.0,1839337.0,1790577.0,1725847.0,1686784.0,1654601.0,1629499.0,1643829.0,1736422.0,1810306.0,1796275.0,1716820.0,1645829.0,1628717.0,1544538.0,1467685.0
