pr,	Year, Month, Country
78.835,1901,1,KOR
9.75457,1901,2,KOR
53.0832,1901,3,KOR
101.754,1901,4,KOR
80.0866,1901,5,KOR
135.036,1901,6,KOR
248.998,1901,7,KOR
100.914,1901,8,KOR
46.5143,1901,9,KOR
80.935,1901,10,KOR
29.0272,1901,11,KOR
26.472,1901,12,KOR
7.78438,1902,1,KOR
45.39,1902,2,KOR
123.16,1902,3,KOR
65.8242,1902,4,KOR
118.089,1902,5,KOR
141.673,1902,6,KOR
229.536,1902,7,KOR
233.085,1902,8,KOR
121.148,1902,9,KOR
45.7709,1902,10,KOR
50.5268,1902,11,KOR
47.8231,1902,12,KOR
72.5372,1903,1,KOR
69.6504,1903,2,KOR
74.5569,1903,3,KOR
89.2273,1903,4,KOR
276.432,1903,5,KOR
91.3044,1903,6,KOR
326.265,1903,7,KOR
224.231,1903,8,KOR
127.154,1903,9,KOR
41.2659,1903,10,KOR
28.0801,1903,11,KOR
35.9395,1903,12,KOR
4.49437,1904,1,KOR
26.9271,1904,2,KOR
25.4565,1904,3,KOR
159.394,1904,4,KOR
117.419,1904,5,KOR
106.678,1904,6,KOR
351.512,1904,7,KOR
104.43,1904,8,KOR
48.0096,1904,9,KOR
47.0902,1904,10,KOR
12.7813,1904,11,KOR
21.6051,1904,12,KOR
46.9739,1905,1,KOR
5.94026,1905,2,KOR
63.4242,1905,3,KOR
78.7265,1905,4,KOR
160.377,1905,5,KOR
116.434,1905,6,KOR
404.162,1905,7,KOR
452.23,1905,8,KOR
201.881,1905,9,KOR
36.231,1905,10,KOR
28.2858,1905,11,KOR
55.452,1905,12,KOR
46.8914,1906,1,KOR
43.9606,1906,2,KOR
43.606,1906,3,KOR
59.3799,1906,4,KOR
145.663,1906,5,KOR
96.2643,1906,6,KOR
106.125,1906,7,KOR
189.351,1906,8,KOR
149.595,1906,9,KOR
79.2747,1906,10,KOR
5.58684,1906,11,KOR
50.414,1906,12,KOR
21.6757,1907,1,KOR
7.44967,1907,2,KOR
27.1155,1907,3,KOR
110.871,1907,4,KOR
113.396,1907,5,KOR
108.572,1907,6,KOR
191.48,1907,7,KOR
111.41,1907,8,KOR
61.3681,1907,9,KOR
48.7416,1907,10,KOR
55.8324,1907,11,KOR
12.8871,1907,12,KOR
44.0369,1908,1,KOR
33.7295,1908,2,KOR
37.3095,1908,3,KOR
113.357,1908,4,KOR
99.5265,1908,5,KOR
183.552,1908,6,KOR
277.409,1908,7,KOR
228.009,1908,8,KOR
58.1603,1908,9,KOR
56.4703,1908,10,KOR
12.4551,1908,11,KOR
21.0483,1908,12,KOR
27.898,1909,1,KOR
14.6882,1909,2,KOR
42.4711,1909,3,KOR
134.631,1909,4,KOR
42.9657,1909,5,KOR
134.042,1909,6,KOR
184.138,1909,7,KOR
271.272,1909,8,KOR
95.9366,1909,9,KOR
59.4834,1909,10,KOR
41.7081,1909,11,KOR
26.4059,1909,12,KOR
47.7446,1910,1,KOR
5.95302,1910,2,KOR
53.4604,1910,3,KOR
85.8241,1910,4,KOR
34.5308,1910,5,KOR
216.936,1910,6,KOR
490.888,1910,7,KOR
166.942,1910,8,KOR
218.189,1910,9,KOR
8.41891,1910,10,KOR
79.1865,1910,11,KOR
11.81,1910,12,KOR
47.8195,1911,1,KOR
18.4596,1911,2,KOR
108.055,1911,3,KOR
94.3628,1911,4,KOR
59.6145,1911,5,KOR
171.39,1911,6,KOR
426.474,1911,7,KOR
155.274,1911,8,KOR
295.321,1911,9,KOR
51.8555,1911,10,KOR
102.102,1911,11,KOR
20.9935,1911,12,KOR
10.5919,1912,1,KOR
78.0111,1912,2,KOR
34.1301,1912,3,KOR
102.629,1912,4,KOR
81.3893,1912,5,KOR
102.714,1912,6,KOR
315.229,1912,7,KOR
210.928,1912,8,KOR
35.7684,1912,9,KOR
47.6694,1912,10,KOR
25.921,1912,11,KOR
50.566,1912,12,KOR
47.943,1913,1,KOR
4.48359,1913,2,KOR
4.86412,1913,3,KOR
117.824,1913,4,KOR
134.211,1913,5,KOR
153.618,1913,6,KOR
193.198,1913,7,KOR
112.665,1913,8,KOR
42.2615,1913,9,KOR
43.7385,1913,10,KOR
27.8265,1913,11,KOR
30.9865,1913,12,KOR
52.1265,1914,1,KOR
30.4226,1914,2,KOR
82.4597,1914,3,KOR
145.022,1914,4,KOR
130.589,1914,5,KOR
154.244,1914,6,KOR
249.459,1914,7,KOR
209.764,1914,8,KOR
75.9092,1914,9,KOR
69.2105,1914,10,KOR
62.0421,1914,11,KOR
14.5856,1914,12,KOR
44.4249,1915,1,KOR
55.0567,1915,2,KOR
24.7698,1915,3,KOR
82.3191,1915,4,KOR
149.631,1915,5,KOR
165.37,1915,6,KOR
161.245,1915,7,KOR
308.511,1915,8,KOR
197.549,1915,9,KOR
71.4701,1915,10,KOR
57.1351,1915,11,KOR
6.15168,1915,12,KOR
42.0289,1916,1,KOR
60.4554,1916,2,KOR
11.238,1916,3,KOR
199.503,1916,4,KOR
110.637,1916,5,KOR
460.173,1916,6,KOR
304.55,1916,7,KOR
219.941,1916,8,KOR
295.655,1916,9,KOR
51.6917,1916,10,KOR
53.4483,1916,11,KOR
15.2867,1916,12,KOR
17.0282,1917,1,KOR
15.3299,1917,2,KOR
49.9919,1917,3,KOR
60.8363,1917,4,KOR
45.7111,1917,5,KOR
144.9,1917,6,KOR
126.167,1917,7,KOR
219.266,1917,8,KOR
163.809,1917,9,KOR
39.0315,1917,10,KOR
21.1067,1917,11,KOR
20.4932,1917,12,KOR
4.12294,1918,1,KOR
19.8942,1918,2,KOR
44.1415,1918,3,KOR
95.4414,1918,4,KOR
139.252,1918,5,KOR
119.186,1918,6,KOR
390.023,1918,7,KOR
262.025,1918,8,KOR
83.9268,1918,9,KOR
68.9313,1918,10,KOR
62.6751,1918,11,KOR
20.0281,1918,12,KOR
46.5706,1919,1,KOR
11.9899,1919,2,KOR
27.0313,1919,3,KOR
66.392,1919,4,KOR
87.2379,1919,5,KOR
217.244,1919,6,KOR
212.022,1919,7,KOR
300.722,1919,8,KOR
134.481,1919,9,KOR
62.7789,1919,10,KOR
21.1767,1919,11,KOR
34.2701,1919,12,KOR
39.49,1920,1,KOR
49.4382,1920,2,KOR
48.6724,1920,3,KOR
61.6256,1920,4,KOR
104.861,1920,5,KOR
141.766,1920,6,KOR
421.588,1920,7,KOR
291.29,1920,8,KOR
109.164,1920,9,KOR
30.7171,1920,10,KOR
40.4277,1920,11,KOR
58.8969,1920,12,KOR
24.1462,1921,1,KOR
17.653,1921,2,KOR
42.6019,1921,3,KOR
97.3821,1921,4,KOR
79.7603,1921,5,KOR
223.8,1921,6,KOR
296.469,1921,7,KOR
255.488,1921,8,KOR
112.082,1921,9,KOR
53.774,1921,10,KOR
21.4651,1921,11,KOR
29.8697,1921,12,KOR
23.8102,1922,1,KOR
84.8214,1922,2,KOR
48.6725,1922,3,KOR
68.6441,1922,4,KOR
56.7413,1922,5,KOR
63.1162,1922,6,KOR
388.559,1922,7,KOR
249.592,1922,8,KOR
115.373,1922,9,KOR
103.44,1922,10,KOR
45.8534,1922,11,KOR
11.8176,1922,12,KOR
70.3314,1923,1,KOR
33.5551,1923,2,KOR
64.6461,1923,3,KOR
128.425,1923,4,KOR
113.837,1923,5,KOR
209.884,1923,6,KOR
260.342,1923,7,KOR
155.903,1923,8,KOR
145.738,1923,9,KOR
51.4232,1923,10,KOR
70.953,1923,11,KOR
16.549,1923,12,KOR
11.8829,1924,1,KOR
53.9552,1924,2,KOR
29.2104,1924,3,KOR
101.546,1924,4,KOR
72.5333,1924,5,KOR
119.777,1924,6,KOR
288.391,1924,7,KOR
109.453,1924,8,KOR
101.694,1924,9,KOR
47.7192,1924,10,KOR
47.5655,1924,11,KOR
21.5308,1924,12,KOR
10.7863,1925,1,KOR
19.2441,1925,2,KOR
40.3276,1925,3,KOR
43.9922,1925,4,KOR
135.492,1925,5,KOR
141.022,1925,6,KOR
594.068,1925,7,KOR
320.536,1925,8,KOR
179.272,1925,9,KOR
37.3028,1925,10,KOR
46.2094,1925,11,KOR
60.9165,1925,12,KOR
26.1466,1926,1,KOR
27.438,1926,2,KOR
24.6027,1926,3,KOR
70.6304,1926,4,KOR
165.28,1926,5,KOR
63.6027,1926,6,KOR
473.346,1926,7,KOR
195.91,1926,8,KOR
271.275,1926,9,KOR
63.7592,1926,10,KOR
29.7672,1926,11,KOR
28.1114,1926,12,KOR
58.2196,1927,1,KOR
10.2474,1927,2,KOR
61.8482,1927,3,KOR
113.464,1927,4,KOR
92.2531,1927,5,KOR
79.01,1927,6,KOR
272.478,1927,7,KOR
269.473,1927,8,KOR
78.2208,1927,9,KOR
83.0538,1927,10,KOR
21.1455,1927,11,KOR
38.2646,1927,12,KOR
59.0177,1928,1,KOR
22.7179,1928,2,KOR
44.2848,1928,3,KOR
71.0857,1928,4,KOR
51.7072,1928,5,KOR
176.258,1928,6,KOR
151.733,1928,7,KOR
194.415,1928,8,KOR
230.699,1928,9,KOR
32.5356,1928,10,KOR
50.9387,1928,11,KOR
30.0669,1928,12,KOR
14.7567,1929,1,KOR
21.544,1929,2,KOR
34.557,1929,3,KOR
70.5017,1929,4,KOR
44.824,1929,5,KOR
185.287,1929,6,KOR
142.599,1929,7,KOR
200.36,1929,8,KOR
69.6021,1929,9,KOR
20.6574,1929,10,KOR
39.8682,1929,11,KOR
63.5541,1929,12,KOR
7.98923,1930,1,KOR
60.7038,1930,2,KOR
117.582,1930,3,KOR
154.605,1930,4,KOR
134.098,1930,5,KOR
242.802,1930,6,KOR
439.867,1930,7,KOR
256.81,1930,8,KOR
59.9021,1930,9,KOR
77.2269,1930,10,KOR
47.9725,1930,11,KOR
8.35809,1930,12,KOR
54.6326,1931,1,KOR
51.2869,1931,2,KOR
50.5927,1931,3,KOR
135.775,1931,4,KOR
106.379,1931,5,KOR
83.4648,1931,6,KOR
324.511,1931,7,KOR
317.913,1931,8,KOR
147.524,1931,9,KOR
17.3465,1931,10,KOR
47.9756,1931,11,KOR
68.2553,1931,12,KOR
17.7909,1932,1,KOR
47.9141,1932,2,KOR
22.0206,1932,3,KOR
67.6034,1932,4,KOR
86.2108,1932,5,KOR
129.358,1932,6,KOR
109.974,1932,7,KOR
277.864,1932,8,KOR
57.8123,1932,9,KOR
30.2085,1932,10,KOR
31.832,1932,11,KOR
44.4202,1932,12,KOR
29.8188,1933,1,KOR
24.7274,1933,2,KOR
48.3266,1933,3,KOR
80.6764,1933,4,KOR
146.084,1933,5,KOR
289.922,1933,6,KOR
318.136,1933,7,KOR
275.48,1933,8,KOR
208.461,1933,9,KOR
105.224,1933,10,KOR
34.033,1933,11,KOR
32.6085,1933,12,KOR
6.89614,1934,1,KOR
22.462,1934,2,KOR
54.6107,1934,3,KOR
69.1883,1934,4,KOR
117.551,1934,5,KOR
159.012,1934,6,KOR
517.728,1934,7,KOR
228.061,1934,8,KOR
215.604,1934,9,KOR
37.6373,1934,10,KOR
46.4715,1934,11,KOR
57.6551,1934,12,KOR
13.9756,1935,1,KOR
18.8439,1935,2,KOR
31.202,1935,3,KOR
105.189,1935,4,KOR
88.7728,1935,5,KOR
188.609,1935,6,KOR
250.466,1935,7,KOR
184.457,1935,8,KOR
100.116,1935,9,KOR
58.8125,1935,10,KOR
61.3678,1935,11,KOR
25.3025,1935,12,KOR
11.2407,1936,1,KOR
25.6425,1936,2,KOR
31.1768,1936,3,KOR
145.383,1936,4,KOR
53.5034,1936,5,KOR
138.949,1936,6,KOR
282.284,1936,7,KOR
606.192,1936,8,KOR
263.698,1936,9,KOR
11.5321,1936,10,KOR
23.4129,1936,11,KOR
65.5488,1936,12,KOR
24.3862,1937,1,KOR
65.3202,1937,2,KOR
70.7732,1937,3,KOR
132.148,1937,4,KOR
84.629,1937,5,KOR
109.972,1937,6,KOR
195.962,1937,7,KOR
128.397,1937,8,KOR
140.661,1937,9,KOR
78.9087,1937,10,KOR
42.8259,1937,11,KOR
24.1124,1937,12,KOR
22.1099,1938,1,KOR
29.6389,1938,2,KOR
101.876,1938,3,KOR
16.4955,1938,4,KOR
200.368,1938,5,KOR
151.395,1938,6,KOR
140.237,1938,7,KOR
165.003,1938,8,KOR
81.9112,1938,9,KOR
140.347,1938,10,KOR
18.8853,1938,11,KOR
20.5214,1938,12,KOR
15.1875,1939,1,KOR
18.6752,1939,2,KOR
51.8259,1939,3,KOR
63.978,1939,4,KOR
70.7519,1939,5,KOR
102.732,1939,6,KOR
89.3564,1939,7,KOR
128.032,1939,8,KOR
113.193,1939,9,KOR
54.1836,1939,10,KOR
68.7318,1939,11,KOR
4.47654,1939,12,KOR
13.1042,1940,1,KOR
38.5512,1940,2,KOR
19.7121,1940,3,KOR
79.1498,1940,4,KOR
41.8253,1940,5,KOR
177.378,1940,6,KOR
326.74,1940,7,KOR
129.654,1940,8,KOR
193.665,1940,9,KOR
77.9551,1940,10,KOR
29.2781,1940,11,KOR
29.7285,1940,12,KOR
19.9003,1941,1,KOR
18.5239,1941,2,KOR
56.8309,1941,3,KOR
55.0275,1941,4,KOR
148.754,1941,5,KOR
250.348,1941,6,KOR
280.044,1941,7,KOR
305.144,1941,8,KOR
109.437,1941,9,KOR
47.6998,1941,10,KOR
71.2861,1941,11,KOR
26.8457,1941,12,KOR
12.625,1942,1,KOR
31.6572,1942,2,KOR
131.645,1942,3,KOR
71.787,1942,4,KOR
61.3961,1942,5,KOR
75.3779,1942,6,KOR
77.9408,1942,7,KOR
295.057,1942,8,KOR
274.376,1942,9,KOR
21.3221,1942,10,KOR
17.206,1942,11,KOR
9.45735,1942,12,KOR
4.95146,1943,1,KOR
15.4072,1943,2,KOR
54.2979,1943,3,KOR
34.9157,1943,4,KOR
66.1957,1943,5,KOR
137.908,1943,6,KOR
224.934,1943,7,KOR
84.6828,1943,8,KOR
151.001,1943,9,KOR
75.8481,1943,10,KOR
32.8421,1943,11,KOR
11.2211,1943,12,KOR
7.08701,1944,1,KOR
21.4765,1944,2,KOR
26.5445,1944,3,KOR
110.974,1944,4,KOR
65.3749,1944,5,KOR
100.785,1944,6,KOR
182.671,1944,7,KOR
154.488,1944,8,KOR
180.639,1944,9,KOR
24.9722,1944,10,KOR
90.9944,1944,11,KOR
18.9266,1944,12,KOR
4.864,1945,1,KOR
13.0954,1945,2,KOR
131.259,1945,3,KOR
45.8699,1945,4,KOR
96.4084,1945,5,KOR
287.444,1945,6,KOR
319.596,1945,7,KOR
165.1,1945,8,KOR
209.719,1945,9,KOR
132.548,1945,10,KOR
16.0536,1945,11,KOR
23.0809,1945,12,KOR
16.732,1946,1,KOR
17.2358,1946,2,KOR
88.0003,1946,3,KOR
65.6947,1946,4,KOR
90.968,1946,5,KOR
420.248,1946,6,KOR
101.409,1946,7,KOR
196.188,1946,8,KOR
176.724,1946,9,KOR
53.1205,1946,10,KOR
25.5494,1946,11,KOR
29.3295,1946,12,KOR
58.0567,1947,1,KOR
5.34968,1947,2,KOR
45.4699,1947,3,KOR
53.6937,1947,4,KOR
72.4161,1947,5,KOR
219.683,1947,6,KOR
375.146,1947,7,KOR
191.399,1947,8,KOR
147.95,1947,9,KOR
38.8948,1947,10,KOR
28.5529,1947,11,KOR
44.1837,1947,12,KOR
54.9615,1948,1,KOR
12.3479,1948,2,KOR
69.7035,1948,3,KOR
66.8571,1948,4,KOR
110.207,1948,5,KOR
228.648,1948,6,KOR
436.889,1948,7,KOR
214.101,1948,8,KOR
243.273,1948,9,KOR
30.1143,1948,10,KOR
21.3768,1948,11,KOR
71.9823,1948,12,KOR
24.6258,1949,1,KOR
45.8659,1949,2,KOR
41.6283,1949,3,KOR
62.8468,1949,4,KOR
71.089,1949,5,KOR
192.94,1949,6,KOR
217.403,1949,7,KOR
115.339,1949,8,KOR
134.835,1949,9,KOR
26.4604,1949,10,KOR
34.7358,1949,11,KOR
26.8572,1949,12,KOR
70.6349,1950,1,KOR
59.1209,1950,2,KOR
60.3816,1950,3,KOR
64.7733,1950,4,KOR
72.1571,1950,5,KOR
219.44,1950,6,KOR
209.531,1950,7,KOR
96.341,1950,8,KOR
154.444,1950,9,KOR
54.0234,1950,10,KOR
34.4015,1950,11,KOR
19.2831,1950,12,KOR
20.367,1951,1,KOR
55.546,1951,2,KOR
72.8855,1951,3,KOR
70.1312,1951,4,KOR
140.965,1951,5,KOR
87.4867,1951,6,KOR
153.092,1951,7,KOR
217.247,1951,8,KOR
73.4473,1951,9,KOR
66.4374,1951,10,KOR
61.2973,1951,11,KOR
52.4834,1951,12,KOR
7.80733,1952,1,KOR
44.7969,1952,2,KOR
64.8224,1952,3,KOR
99.796,1952,4,KOR
47.972,1952,5,KOR
80.8626,1952,6,KOR
188.772,1952,7,KOR
197.923,1952,8,KOR
228.15,1952,9,KOR
73.2542,1952,10,KOR
73.8283,1952,11,KOR
24.9514,1952,12,KOR
21.2965,1953,1,KOR
30.2603,1953,2,KOR
76.8472,1953,3,KOR
48.3668,1953,4,KOR
138.132,1953,5,KOR
349.4,1953,6,KOR
308.902,1953,7,KOR
218.088,1953,8,KOR
50.1132,1953,9,KOR
75.3849,1953,10,KOR
42.6013,1953,11,KOR
49.2791,1953,12,KOR
40.0774,1954,1,KOR
116.512,1954,2,KOR
45.8517,1954,3,KOR
96.0267,1954,4,KOR
114.725,1954,5,KOR
260.828,1954,6,KOR
470.109,1954,7,KOR
163.863,1954,8,KOR
198.992,1954,9,KOR
62.7764,1954,10,KOR
32.6528,1954,11,KOR
37.4312,1954,12,KOR
10.2866,1955,1,KOR
45.8503,1955,2,KOR
34.3338,1955,3,KOR
64.9231,1955,4,KOR
67.1749,1955,5,KOR
190.619,1955,6,KOR
296.126,1955,7,KOR
206.481,1955,8,KOR
112.306,1955,9,KOR
34.1647,1955,10,KOR
49.7038,1955,11,KOR
11.3175,1955,12,KOR
16.8963,1956,1,KOR
37.6643,1956,2,KOR
163.721,1956,3,KOR
134.014,1956,4,KOR
135.995,1956,5,KOR
347.978,1956,6,KOR
289.816,1956,7,KOR
194.903,1956,8,KOR
266.288,1956,9,KOR
26.9809,1956,10,KOR
16.577,1956,11,KOR
7.72222,1956,12,KOR
47.7794,1957,1,KOR
26.3488,1957,2,KOR
19.6291,1957,3,KOR
142.255,1957,4,KOR
85.7951,1957,5,KOR
136.47,1957,6,KOR
475.698,1957,7,KOR
270.289,1957,8,KOR
18.4723,1957,9,KOR
76.3987,1957,10,KOR
38.0035,1957,11,KOR
62.1313,1957,12,KOR
51.4183,1958,1,KOR
20.1313,1958,2,KOR
29.1895,1958,3,KOR
158.29,1958,4,KOR
37.2878,1958,5,KOR
110.09,1958,6,KOR
324.894,1958,7,KOR
294.198,1958,8,KOR
235.597,1958,9,KOR
138.95,1958,10,KOR
62.7556,1958,11,KOR
55.6299,1958,12,KOR
20.0565,1959,1,KOR
93.1836,1959,2,KOR
92.0792,1959,3,KOR
105.662,1959,4,KOR
85.5275,1959,5,KOR
109.817,1959,6,KOR
243.956,1959,7,KOR
263.985,1959,8,KOR
227.294,1959,9,KOR
21.5454,1959,10,KOR
55.9688,1959,11,KOR
49.7062,1959,12,KOR
13.465,1960,1,KOR
14.3101,1960,2,KOR
81.9875,1960,3,KOR
56.5322,1960,4,KOR
163.27,1960,5,KOR
189.348,1960,6,KOR
244.717,1960,7,KOR
118.523,1960,8,KOR
218.214,1960,9,KOR
37.4925,1960,10,KOR
60.2633,1960,11,KOR
23.1091,1960,12,KOR
21.3357,1961,1,KOR
25.6432,1961,2,KOR
98.2333,1961,3,KOR
81.6508,1961,4,KOR
134.238,1961,5,KOR
111.295,1961,6,KOR
272.814,1961,7,KOR
343.908,1961,8,KOR
175.696,1961,9,KOR
142.083,1961,10,KOR
99.026,1961,11,KOR
47.5877,1961,12,KOR
14.0303,1962,1,KOR
19.1396,1962,2,KOR
28.871,1962,3,KOR
94.2001,1962,4,KOR
24.1426,1962,5,KOR
119.192,1962,6,KOR
221.398,1962,7,KOR
292.511,1962,8,KOR
245.752,1962,9,KOR
44.1901,1962,10,KOR
66.8822,1962,11,KOR
21.3121,1962,12,KOR
15.1897,1963,1,KOR
6.93534,1963,2,KOR
51.9614,1963,3,KOR
151.487,1963,4,KOR
186.948,1963,5,KOR
470.109,1963,6,KOR
370.596,1963,7,KOR
177.057,1963,8,KOR
33.1826,1963,9,KOR
35.0233,1963,10,KOR
18.6983,1963,11,KOR
21.037,1963,12,KOR
39.1008,1964,1,KOR
58.4949,1964,2,KOR
51.0743,1964,3,KOR
277.714,1964,4,KOR
105.996,1964,5,KOR
161.335,1964,6,KOR
303.303,1964,7,KOR
142.24,1964,8,KOR
265.793,1964,9,KOR
37.2255,1964,10,KOR
20.8809,1964,11,KOR
10.2942,1964,12,KOR
29.7478,1965,1,KOR
17.2305,1965,2,KOR
40.4469,1965,3,KOR
56.4771,1965,4,KOR
79.0166,1965,5,KOR
40.2738,1965,6,KOR
544.327,1965,7,KOR
209.113,1965,8,KOR
22.4823,1965,9,KOR
46.9158,1965,10,KOR
104.297,1965,11,KOR
20.5595,1965,12,KOR
9.19357,1966,1,KOR
52.4683,1966,2,KOR
131.622,1966,3,KOR
64.8735,1966,4,KOR
99.6366,1966,5,KOR
158.353,1966,6,KOR
347.03,1966,7,KOR
251.905,1966,8,KOR
139.939,1966,9,KOR
88.9668,1966,10,KOR
53.5308,1966,11,KOR
13.5144,1966,12,KOR
33.2652,1967,1,KOR
31.4173,1967,2,KOR
68.8208,1967,3,KOR
104.6,1967,4,KOR
46.3484,1967,5,KOR
179.483,1967,6,KOR
221.981,1967,7,KOR
142.897,1967,8,KOR
142.864,1967,9,KOR
36.3568,1967,10,KOR
79.4225,1967,11,KOR
8.11803,1967,12,KOR
9.04433,1968,1,KOR
12.5911,1968,2,KOR
58.155,1968,3,KOR
40.8618,1968,4,KOR
57.6679,1968,5,KOR
63.0532,1968,6,KOR
238.225,1968,7,KOR
292.853,1968,8,KOR
84.3823,1968,9,KOR
130.859,1968,10,KOR
46.8315,1968,11,KOR
29.3001,1968,12,KOR
65.3227,1969,1,KOR
63.0998,1969,2,KOR
28.9095,1969,3,KOR
192.039,1969,4,KOR
141.735,1969,5,KOR
90.2795,1969,6,KOR
317.056,1969,7,KOR
326.603,1969,8,KOR
282.757,1969,9,KOR
9.28313,1969,10,KOR
32.6371,1969,11,KOR
31.0362,1969,12,KOR
5.1923,1970,1,KOR
55.0483,1970,2,KOR
14.8582,1970,3,KOR
77.736,1970,4,KOR
118.552,1970,5,KOR
174.161,1970,6,KOR
441.224,1970,7,KOR
250.255,1970,8,KOR
287.435,1970,9,KOR
83.5949,1970,10,KOR
26.2455,1970,11,KOR
20.0058,1970,12,KOR
40.672,1971,1,KOR
36.7194,1971,2,KOR
54.7734,1971,3,KOR
53.3376,1971,4,KOR
98.9631,1971,5,KOR
247.538,1971,6,KOR
293.084,1971,7,KOR
259.964,1971,8,KOR
111.408,1971,9,KOR
15.1956,1971,10,KOR
13.3009,1971,11,KOR
16.6031,1971,12,KOR
80.2424,1972,1,KOR
41.2244,1972,2,KOR
143.384,1972,3,KOR
77.0492,1972,4,KOR
133.165,1972,5,KOR
93.8723,1972,6,KOR
276.514,1972,7,KOR
460.801,1972,8,KOR
141.659,1972,9,KOR
39.334,1972,10,KOR
108.171,1972,11,KOR
28.3368,1972,12,KOR
68.3361,1973,1,KOR
20.3574,1973,2,KOR
11.8514,1973,3,KOR
124.235,1973,4,KOR
139.74,1973,5,KOR
126.755,1973,6,KOR
132.685,1973,7,KOR
138.897,1973,8,KOR
143.087,1973,9,KOR
78.4043,1973,10,KOR
31.7334,1973,11,KOR
10.4434,1973,12,KOR
21.0216,1974,1,KOR
34.0235,1974,2,KOR
53.6428,1974,3,KOR
160.241,1974,4,KOR
205.372,1974,5,KOR
119.157,1974,6,KOR
406.019,1974,7,KOR
185.568,1974,8,KOR
63.1889,1974,9,KOR
82.2678,1974,10,KOR
14.9003,1974,11,KOR
31.1333,1974,12,KOR
17.4397,1975,1,KOR
20.2361,1975,2,KOR
70.895,1975,3,KOR
144.346,1975,4,KOR
108.703,1975,5,KOR
132.76,1975,6,KOR
369.486,1975,7,KOR
115.03,1975,8,KOR
203.105,1975,9,KOR
80.1583,1975,10,KOR
84.4882,1975,11,KOR
34.0338,1975,12,KOR
5.0426,1976,1,KOR
104.964,1976,2,KOR
38.06,1976,3,KOR
105.341,1976,4,KOR
57.4116,1976,5,KOR
136.803,1976,6,KOR
118.571,1976,7,KOR
376.656,1976,8,KOR
60.6868,1976,9,KOR
58.0013,1976,10,KOR
36.3115,1976,11,KOR
39.9712,1976,12,KOR
6.63944,1977,1,KOR
2.59464,1977,2,KOR
59.9912,1977,3,KOR
221.974,1977,4,KOR
86.8342,1977,5,KOR
108.169,1977,6,KOR
167.05,1977,7,KOR
132.541,1977,8,KOR
102.416,1977,9,KOR
24.5542,1977,10,KOR
89.0496,1977,11,KOR
32.1949,1977,12,KOR
23.3625,1978,1,KOR
42.8124,1978,2,KOR
57.7858,1978,3,KOR
34.2174,1978,4,KOR
20.6466,1978,5,KOR
430.817,1978,6,KOR
209.632,1978,7,KOR
266.457,1978,8,KOR
68.4679,1978,9,KOR
92.4797,1978,10,KOR
35.89,1978,11,KOR
40.0732,1978,12,KOR
40.096,1979,1,KOR
70.4766,1979,2,KOR
66.8031,1979,3,KOR
112.155,1979,4,KOR
128.687,1979,5,KOR
305.541,1979,6,KOR
178.267,1979,7,KOR
289.139,1979,8,KOR
133.769,1979,9,KOR
26.9636,1979,10,KOR
24.8843,1979,11,KOR
36.0397,1979,12,KOR
33.0427,1980,1,KOR
12.3694,1980,2,KOR
60.8616,1980,3,KOR
174.123,1980,4,KOR
122.49,1980,5,KOR
181.932,1980,6,KOR
361.989,1980,7,KOR
346.093,1980,8,KOR
100.401,1980,9,KOR
85.9095,1980,10,KOR
32.7605,1980,11,KOR
32.5685,1980,12,KOR
24.0468,1981,1,KOR
28.9424,1981,2,KOR
33.693,1981,3,KOR
62.8366,1981,4,KOR
73.9886,1981,5,KOR
175.519,1981,6,KOR
318.54,1981,7,KOR
260.249,1981,8,KOR
270.933,1981,9,KOR
47.1587,1981,10,KOR
35.1075,1981,11,KOR
10.1115,1981,12,KOR
20.4655,1982,1,KOR
18.1556,1982,2,KOR
60.6348,1982,3,KOR
59.6351,1982,4,KOR
112.797,1982,5,KOR
40.1963,1982,6,KOR
205.202,1982,7,KOR
295.2,1982,8,KOR
22.1548,1982,9,KOR
48.0938,1982,10,KOR
105.067,1982,11,KOR
28.645,1982,12,KOR
22.3524,1983,1,KOR
28.6463,1983,2,KOR
79.8414,1983,3,KOR
126.917,1983,4,KOR
64.7196,1983,5,KOR
149.314,1983,6,KOR
298.633,1983,7,KOR
195.496,1983,8,KOR
229.219,1983,9,KOR
67.5151,1983,10,KOR
19.122,1983,11,KOR
12.3739,1983,12,KOR
8.84577,1984,1,KOR
17.5896,1984,2,KOR
20.7065,1984,3,KOR
130.323,1984,4,KOR
63.4576,1984,5,KOR
180.909,1984,6,KOR
309.812,1984,7,KOR
216.289,1984,8,KOR
271.816,1984,9,KOR
27.7174,1984,10,KOR
55.7325,1984,11,KOR
21.4684,1984,12,KOR
12.3713,1985,1,KOR
40.6211,1985,2,KOR
77.3706,1985,3,KOR
91.0082,1985,4,KOR
188.436,1985,5,KOR
230.259,1985,6,KOR
226.103,1985,7,KOR
358.482,1985,8,KOR
247.893,1985,9,KOR
164.511,1985,10,KOR
64.7468,1985,11,KOR
29.8445,1985,12,KOR
12.68,1986,1,KOR
21.9978,1986,2,KOR
47.2158,1986,3,KOR
50.1922,1986,4,KOR
116.086,1986,5,KOR
256.11,1986,6,KOR
231.549,1986,7,KOR
255.159,1986,8,KOR
141.339,1986,9,KOR
96.655,1986,10,KOR
19.6026,1986,11,KOR
45.1587,1986,12,KOR
49.0231,1987,1,KOR
49.3071,1987,2,KOR
61.6784,1987,3,KOR
64.6916,1987,4,KOR
95.6441,1987,5,KOR
153.27,1987,6,KOR
484.864,1987,7,KOR
445.845,1987,8,KOR
42.5223,1987,9,KOR
54.1946,1987,10,KOR
67.9558,1987,11,KOR
6.41311,1987,12,KOR
12.9477,1988,1,KOR
12.8378,1988,2,KOR
52.7462,1988,3,KOR
63.1096,1988,4,KOR
82.2558,1988,5,KOR
124.921,1988,6,KOR
343.803,1988,7,KOR
126.153,1988,8,KOR
110.596,1988,9,KOR
15.6652,1988,10,KOR
16.7935,1988,11,KOR
13.7197,1988,12,KOR
102.312,1989,1,KOR
74.0352,1989,2,KOR
98.6486,1989,3,KOR
29.408,1989,4,KOR
57.4994,1989,5,KOR
197.549,1989,6,KOR
386.014,1989,7,KOR
216.575,1989,8,KOR
192.616,1989,9,KOR
41.5494,1989,10,KOR
88.2155,1989,11,KOR
29.3967,1989,12,KOR
51.3711,1990,1,KOR
103.507,1990,2,KOR
73.2121,1990,3,KOR
104.21,1990,4,KOR
123.783,1990,5,KOR
332.367,1990,6,KOR
286.577,1990,7,KOR
190.89,1990,8,KOR
281.281,1990,9,KOR
28.667,1990,10,KOR
62.9405,1990,11,KOR
18.4081,1990,12,KOR
24.6763,1991,1,KOR
43.806,1991,2,KOR
86.6466,1991,3,KOR
86.5726,1991,4,KOR
81.7957,1991,5,KOR
148.087,1991,6,KOR
420.161,1991,7,KOR
249.526,1991,8,KOR
164.47,1991,9,KOR
18.2396,1991,10,KOR
18.7402,1991,11,KOR
56.0635,1991,12,KOR
28.3328,1992,1,KOR
29.8709,1992,2,KOR
62.6576,1992,3,KOR
116.302,1992,4,KOR
107.73,1992,5,KOR
60.1254,1992,6,KOR
183.097,1992,7,KOR
291.51,1992,8,KOR
172.902,1992,9,KOR
38.5696,1992,10,KOR
39.703,1992,11,KOR
48.4059,1992,12,KOR
28.9359,1993,1,KOR
61.8953,1993,2,KOR
50.6,1993,3,KOR
60.5152,1993,4,KOR
146.116,1993,5,KOR
228.516,1993,6,KOR
326.994,1993,7,KOR
410.199,1993,8,KOR
66.1636,1993,9,KOR
39.0541,1993,10,KOR
77.0067,1993,11,KOR
22.3518,1993,12,KOR
26.59,1994,1,KOR
22.6165,1994,2,KOR
32.4552,1994,3,KOR
53.4571,1994,4,KOR
147.585,1994,5,KOR
112.055,1994,6,KOR
116.191,1994,7,KOR
197.215,1994,8,KOR
42.0486,1994,9,KOR
131.607,1994,10,KOR
44.7596,1994,11,KOR
15.3509,1994,12,KOR
23.9676,1995,1,KOR
19.7712,1995,2,KOR
61.1671,1995,3,KOR
70.2713,1995,4,KOR
72.7139,1995,5,KOR
96.8547,1995,6,KOR
249.939,1995,7,KOR
406.301,1995,8,KOR
55.3888,1995,9,KOR
34.7666,1995,10,KOR
19.7471,1995,11,KOR
5.3615,1995,12,KOR
26.4801,1996,1,KOR
12.8286,1996,2,KOR
118.202,1996,3,KOR
60.2984,1996,4,KOR
47.4856,1996,5,KOR
373.48,1996,6,KOR
246.066,1996,7,KOR
133.786,1996,8,KOR
29.6093,1996,9,KOR
72.93,1996,10,KOR
60.729,1996,11,KOR
23.2673,1996,12,KOR
16.5902,1997,1,KOR
27.76,1997,2,KOR
41.4168,1997,3,KOR
68.3339,1997,4,KOR
204.955,1997,5,KOR
224.72,1997,6,KOR
271.156,1997,7,KOR
227.28,1997,8,KOR
57.8981,1997,9,KOR
13.0008,1997,10,KOR
131.767,1997,11,KOR
54.9335,1997,12,KOR
42.7773,1998,1,KOR
49.4099,1998,2,KOR
47.8421,1998,3,KOR
164.334,1998,4,KOR
113.309,1998,5,KOR
304.679,1998,6,KOR
322.171,1998,7,KOR
386.963,1998,8,KOR
229.681,1998,9,KOR
63.9949,1998,10,KOR
31.6001,1998,11,KOR
6.80699,1998,12,KOR
20.0376,1999,1,KOR
19.7211,1999,2,KOR
97.8601,1999,3,KOR
96.1166,1999,4,KOR
150.387,1999,5,KOR
185.031,1999,6,KOR
278.125,1999,7,KOR
414.287,1999,8,KOR
333.377,1999,9,KOR
107.443,1999,10,KOR
26.4972,1999,11,KOR
9.73229,1999,12,KOR
34.9445,2000,1,KOR
3.61268,2000,2,KOR
26.4247,2000,3,KOR
39.5401,2000,4,KOR
59.4135,2000,5,KOR
188.259,2000,6,KOR
231.923,2000,7,KOR
384.904,2000,8,KOR
248.108,2000,9,KOR
31.5587,2000,10,KOR
49.4495,2000,11,KOR
14.7989,2000,12,KOR
47.8373,2001,1,KOR
56.9449,2001,2,KOR
16.201,2001,3,KOR
24.1716,2001,4,KOR
49.2078,2001,5,KOR
290.417,2001,6,KOR
308.09,2001,7,KOR
152.26,2001,8,KOR
92.8347,2001,9,KOR
105.746,2001,10,KOR
15.3745,2001,11,KOR
29.6825,2001,12,KOR
53.0434,2002,1,KOR
6.89596,2002,2,KOR
58.6208,2002,3,KOR
142.413,2002,4,KOR
97.1195,2002,5,KOR
71.1973,2002,6,KOR
290.697,2002,7,KOR
471.181,2002,8,KOR
79.6244,2002,9,KOR
61.5314,2002,10,KOR
10.0483,2002,11,KOR
34.2393,2002,12,KOR
24.0319,2003,1,KOR
46.3834,2003,2,KOR
53.8646,2003,3,KOR
180.082,2003,4,KOR
178.977,2003,5,KOR
234.581,2003,6,KOR
528.996,2003,7,KOR
452.394,2003,8,KOR
274.815,2003,9,KOR
29.4281,2003,10,KOR
91.6609,2003,11,KOR
15.931,2003,12,KOR
13.9102,2004,1,KOR
52.6915,2004,2,KOR
33.3396,2004,3,KOR
108.414,2004,4,KOR
143.946,2004,5,KOR
198.363,2004,6,KOR
329.708,2004,7,KOR
372.303,2004,8,KOR
196.69,2004,9,KOR
10.2733,2004,10,KOR
53.6495,2004,11,KOR
33.0342,2004,12,KOR
15.246,2005,1,KOR
35.2496,2005,2,KOR
57.7907,2005,3,KOR
83.9625,2005,4,KOR
98.713,2005,5,KOR
184.275,2005,6,KOR
247.972,2005,7,KOR
278.48,2005,8,KOR
231.001,2005,9,KOR
43.0204,2005,10,KOR
39.549,2005,11,KOR
10.7112,2005,12,KOR
30.8903,2006,1,KOR
28.693,2006,2,KOR
17.931,2006,3,KOR
103.494,2006,4,KOR
183.185,2006,5,KOR
170.593,2006,6,KOR
574.664,2006,7,KOR
152.623,2006,8,KOR
71.9909,2006,9,KOR
67.4291,2006,10,KOR
45.1399,2006,11,KOR
19.7586,2006,12,KOR
10.57,2007,1,KOR
41.6669,2007,2,KOR
103.872,2007,3,KOR
48.5596,2007,4,KOR
137.811,2007,5,KOR
97.5409,2007,6,KOR
293.427,2007,7,KOR
260.855,2007,8,KOR
315.053,2007,9,KOR
72.1737,2007,10,KOR
14.618,2007,11,KOR
27.3105,2007,12,KOR
41.835,2008,1,KOR
10.8801,2008,2,KOR
61.9917,2008,3,KOR
57.2577,2008,4,KOR
128.554,2008,5,KOR
230.574,2008,6,KOR
268.88,2008,7,KOR
238.888,2008,8,KOR
64.7627,2008,9,KOR
35.535,2008,10,KOR
21.1014,2008,11,KOR
21.1039,2008,12,KOR
12.5511,2009,1,KOR
37.5532,2009,2,KOR
57.4032,2009,3,KOR
68.0759,2009,4,KOR
121.588,2009,5,KOR
152.875,2009,6,KOR
525.183,2009,7,KOR
158.391,2009,8,KOR
50.1032,2009,9,KOR
57.1883,2009,10,KOR
57.8819,2009,11,KOR
21.9337,2009,12,KOR
28.6334,2010,1,KOR
70.1642,2010,2,KOR
101.962,2010,3,KOR
90.1181,2010,4,KOR
131.556,2010,5,KOR
103.713,2010,6,KOR
293.81,2010,7,KOR
364.443,2010,8,KOR
302.413,2010,9,KOR
39.926,2010,10,KOR
14.8066,2010,11,KOR
29.0709,2010,12,KOR
10.1163,2011,1,KOR
67.9782,2011,2,KOR
21.7994,2011,3,KOR
110.515,2011,4,KOR
116.794,2011,5,KOR
343.528,2011,6,KOR
345.713,2011,7,KOR
221.068,2011,8,KOR
56.023,2011,9,KOR
59.3189,2011,10,KOR
106.391,2011,11,KOR
20.2216,2011,12,KOR
20.3588,2012,1,KOR
13.6182,2012,2,KOR
100.949,2012,3,KOR
155.471,2012,4,KOR
37.7215,2012,5,KOR
94.2735,2012,6,KOR
335.804,2012,7,KOR
420.457,2012,8,KOR
263.19,2012,9,KOR
66.7435,2012,10,KOR
57.0352,2012,11,KOR
54.4533,2012,12,KOR
26.4028,2013,1,KOR
66.9352,2013,2,KOR
59.2858,2013,3,KOR
79.0608,2013,4,KOR
141.664,2013,5,KOR
80.7948,2013,6,KOR
368.873,2013,7,KOR
175.657,2013,8,KOR
109.74,2013,9,KOR
71.877,2013,10,KOR
47.7426,2013,11,KOR
19.3044,2013,12,KOR
14.9143,2014,1,KOR
46.9125,2014,2,KOR
73.542,2014,3,KOR
82.6032,2014,4,KOR
66.4021,2014,5,KOR
101.189,2014,6,KOR
164.596,2014,7,KOR
415.634,2014,8,KOR
98.6298,2014,9,KOR
105.381,2014,10,KOR
54.0795,2014,11,KOR
21.3305,2014,12,KOR
27.3651,2015,1,KOR
26.9702,2015,2,KOR
40.538,2015,3,KOR
138.908,2015,4,KOR
62.7042,2015,5,KOR
117.331,2015,6,KOR
202.235,2015,7,KOR
143.712,2015,8,KOR
65.1355,2015,9,KOR
59.5246,2015,10,KOR
121.374,2015,11,KOR
35.9026,2015,12,KOR
